image_id,yolo11_1280_conf010_json,yolo11_1280_conf015_json,yolo11_960_conf010_json,bottom_half_1280_conf010_json,stack_conf010_bottom_json
day1/members/onanong/10_0700.webp,"[{""x1"":1551,""y1"":508,""x2"":2127,""y2"":976}]","[{""x1"":1551,""y1"":508,""x2"":2127,""y2"":976}]","[{""x1"":1550,""y1"":507,""x2"":2128,""y2"":984}]",[],"[{""x1"":1551,""y1"":508,""x2"":2127,""y2"":976}]"
day1/members/tien/10_0239.webp,"[{""x1"":1644,""y1"":1632,""x2"":2235,""y2"":2016},{""x1"":958,""y1"":1285,""x2"":1363,""y2"":1647}]","[{""x1"":1644,""y1"":1632,""x2"":2235,""y2"":2016},{""x1"":958,""y1"":1285,""x2"":1363,""y2"":1647}]","[{""x1"":1650,""y1"":1630,""x2"":2238,""y2"":2020},{""x1"":960,""y1"":1298,""x2"":1348,""y2"":1650}]","[{""x1"":1644,""y1"":1632,""x2"":2235,""y2"":2016},{""x1"":960,""y1"":1288,""x2"":1362,""y2"":1645},{""x1"":1080,""y1"":1623,""x2"":1173,""y2"":1734}]","[{""x1"":1644,""y1"":1632,""x2"":2235,""y2"":2016},{""x1"":958,""y1"":1285,""x2"":1363,""y2"":1647},{""x1"":1080,""y1"":1623,""x2"":1173,""y2"":1734}]"
day1/members/onanong/10_0305.webp,"[{""x1"":1833,""y1"":1276,""x2"":2403,""y2"":1704}]","[{""x1"":1833,""y1"":1276,""x2"":2403,""y2"":1704}]","[{""x1"":1830,""y1"":1276,""x2"":2402,""y2"":1688},{""x1"":1138,""y1"":632,""x2"":1702,""y2"":1087}]","[{""x1"":1831,""y1"":1275,""x2"":2404,""y2"":1707}]","[{""x1"":1833,""y1"":1276,""x2"":2403,""y2"":1704}]"
day1/members/tien/10_0531.webp,"[{""x1"":2571,""y1"":1836,""x2"":3123,""y2"":2028},{""x1"":378,""y1"":1815,""x2"":767,""y2"":2133},{""x1"":2271,""y1"":1110,""x2"":2376,""y2"":1228},{""x1"":2928,""y1"":1233,""x2"":3444,""y2"":1740},{""x1"":2820,""y1"":889,""x2"":3366,""y2"":1381}]","[{""x1"":2571,""y1"":1836,""x2"":3123,""y2"":2028},{""x1"":378,""y1"":1815,""x2"":767,""y2"":2133},{""x1"":2271,""y1"":1110,""x2"":2376,""y2"":1228},{""x1"":2928,""y1"":1233,""x2"":3444,""y2"":1740}]","[{""x1"":2568,""y1"":1836,""x2"":3128,""y2"":2034},{""x1"":2080,""y1"":732,""x2"":2516,""y2"":1182},{""x1"":377,""y1"":1812,""x2"":781,""y2"":2130},{""x1"":2268,""y1"":1107,""x2"":2384,""y2"":1239},{""x1"":2822,""y1"":943,""x2"":3374,""y2"":1368},{""x1"":2080,""y1"":1126,""x2"":2896,""y2"":1838}]","[{""x1"":2571,""y1"":1836,""x2"":3123,""y2"":2028},{""x1"":377,""y1"":1815,""x2"":766,""y2"":2131},{""x1"":3636,""y1"":1457,""x2"":3840,""y2"":1787},{""x1"":2271,""y1"":1109,""x2"":2376,""y2"":1227},{""x1"":2928,""y1"":1238,""x2"":3444,""y2"":1738}]","[{""x1"":2571,""y1"":1836,""x2"":3123,""y2"":2028},{""x1"":378,""y1"":1815,""x2"":767,""y2"":2133},{""x1"":2271,""y1"":1110,""x2"":2376,""y2"":1228},{""x1"":2928,""y1"":1233,""x2"":3444,""y2"":1740},{""x1"":2820,""y1"":889,""x2"":3366,""y2"":1381},{""x1"":3636,""y1"":1457,""x2"":3840,""y2"":1787}]"
day1/members/bjorn/11_0716.webp,"[{""x1"":3420,""y1"":1159,""x2"":3576,""y2"":1332}]","[{""x1"":3420,""y1"":1159,""x2"":3576,""y2"":1332}]","[{""x1"":3420,""y1"":1162,""x2"":3628,""y2"":1334}]","[{""x1"":3420,""y1"":1160,""x2"":3576,""y2"":1331}]","[{""x1"":3420,""y1"":1159,""x2"":3576,""y2"":1332}]"
day1/members/bjorn/11_0618.webp,[],[],[],[],[]
day1/members/florian/11_0315.webp,"[{""x1"":0,""y1"":1875,""x2"":436,""y2"":2091}]",[],[],"[{""x1"":0,""y1"":1873,""x2"":450,""y2"":2092}]","[{""x1"":0,""y1"":1875,""x2"":436,""y2"":2091}]"
day1/members/klaus/11_0127.webp,[],[],[],[],[]
day1/members/allie/12_0701.webp,"[{""x1"":1657,""y1"":1123,""x2"":2443,""y2"":2146},{""x1"":2610,""y1"":1008,""x2"":3393,""y2"":2016}]","[{""x1"":1657,""y1"":1123,""x2"":2443,""y2"":2146},{""x1"":2610,""y1"":1008,""x2"":3393,""y2"":2016}]","[{""x1"":1652,""y1"":1130,""x2"":2432,""y2"":2140},{""x1"":2612,""y1"":1010,""x2"":3460,""y2"":2022}]","[{""x1"":1656,""y1"":1125,""x2"":2442,""y2"":2146},{""x1"":2610,""y1"":1006,""x2"":3393,""y2"":1998}]","[{""x1"":1657,""y1"":1123,""x2"":2443,""y2"":2146},{""x1"":2610,""y1"":1008,""x2"":3393,""y2"":2016}]"
day1/members/onanong/12_0397.webp,"[{""x1"":2226,""y1"":1239,""x2"":2862,""y2"":1644},{""x1"":3049,""y1"":1416,""x2"":3300,""y2"":1827},{""x1"":2991,""y1"":1413,""x2"":3465,""y2"":2064}]","[{""x1"":2226,""y1"":1239,""x2"":2862,""y2"":1644},{""x1"":3049,""y1"":1416,""x2"":3300,""y2"":1827},{""x1"":2991,""y1"":1413,""x2"":3465,""y2"":2064}]","[{""x1"":2228,""y1"":1242,""x2"":2860,""y2"":1650},{""x1"":3048,""y1"":1411,""x2"":3296,""y2"":1823}]","[{""x1"":2226,""y1"":1235,""x2"":2862,""y2"":1647},{""x1"":3045,""y1"":1414,""x2"":3297,""y2"":1827},{""x1"":2988,""y1"":1412,""x2"":3468,""y2"":2064}]","[{""x1"":2226,""y1"":1239,""x2"":2862,""y2"":1644},{""x1"":3049,""y1"":1416,""x2"":3300,""y2"":1827},{""x1"":2991,""y1"":1413,""x2"":3465,""y2"":2064}]"
day1/members/onanong/12_0645.webp,"[{""x1"":1608,""y1"":1237,""x2"":2184,""y2"":1600},{""x1"":2340,""y1"":1391,""x2"":2556,""y2"":1734}]","[{""x1"":1608,""y1"":1237,""x2"":2184,""y2"":1600},{""x1"":2340,""y1"":1391,""x2"":2556,""y2"":1734}]","[{""x1"":1604,""y1"":1240,""x2"":2182,""y2"":1600},{""x1"":2348,""y1"":1392,""x2"":2552,""y2"":1736}]","[{""x1"":1608,""y1"":1236,""x2"":2187,""y2"":1601},{""x1"":2341,""y1"":1391,""x2"":2560,""y2"":1736}]","[{""x1"":1608,""y1"":1237,""x2"":2184,""y2"":1600},{""x1"":2340,""y1"":1391,""x2"":2556,""y2"":1734}]"
day1/members/onanong/12_0150.webp,"[{""x1"":1854,""y1"":1188,""x2"":2439,""y2"":1539},{""x1"":2623,""y1"":1378,""x2"":2812,""y2"":1744}]","[{""x1"":1854,""y1"":1188,""x2"":2439,""y2"":1539},{""x1"":2623,""y1"":1378,""x2"":2812,""y2"":1744}]","[{""x1"":1861,""y1"":1192,""x2"":2444,""y2"":1536},{""x1"":2684,""y1"":1378,""x2"":2812,""y2"":1746}]","[{""x1"":1852,""y1"":1189,""x2"":2440,""y2"":1538},{""x1"":2623,""y1"":1379,""x2"":2812,""y2"":1745}]","[{""x1"":1854,""y1"":1188,""x2"":2439,""y2"":1539},{""x1"":2623,""y1"":1378,""x2"":2812,""y2"":1744}]"
day1/members/onanong/13_0656.webp,"[{""x1"":1481,""y1"":6,""x2"":2310,""y2"":652},{""x1"":2676,""y1"":1140,""x2"":3120,""y2"":1512},{""x1"":2164,""y1"":1413,""x2"":2329,""y2"":1797},{""x1"":1298,""y1"":1218,""x2"":2205,""y2"":1791},{""x1"":2724,""y1"":1139,""x2"":3126,""y2"":1415}]","[{""x1"":1481,""y1"":6,""x2"":2310,""y2"":652},{""x1"":2676,""y1"":1140,""x2"":3120,""y2"":1512},{""x1"":2164,""y1"":1413,""x2"":2329,""y2"":1797},{""x1"":1298,""y1"":1218,""x2"":2205,""y2"":1791}]","[{""x1"":1476,""y1"":0,""x2"":2310,""y2"":690},{""x1"":2664,""y1"":1142,""x2"":3120,""y2"":1510},{""x1"":2168,""y1"":1411,""x2"":2328,""y2"":1803},{""x1"":2700,""y1"":1142,""x2"":3124,""y2"":1426},{""x1"":1292,""y1"":1226,""x2"":2300,""y2"":1820}]","[{""x1"":2676,""y1"":1138,""x2"":3120,""y2"":1493},{""x1"":2166,""y1"":1413,""x2"":2328,""y2"":1795},{""x1"":1301,""y1"":1218,""x2"":2184,""y2"":1758},{""x1"":2727,""y1"":1139,""x2"":3126,""y2"":1415}]","[{""x1"":1481,""y1"":6,""x2"":2310,""y2"":652},{""x1"":2676,""y1"":1140,""x2"":3120,""y2"":1512},{""x1"":2164,""y1"":1413,""x2"":2329,""y2"":1797},{""x1"":1298,""y1"":1218,""x2"":2205,""y2"":1791},{""x1"":2724,""y1"":1139,""x2"":3126,""y2"":1415}]"
day1/members/allie/13_0023.webp,"[{""x1"":2424,""y1"":1217,""x2"":3138,""y2"":2154}]","[{""x1"":2424,""y1"":1217,""x2"":3138,""y2"":2154}]","[{""x1"":2424,""y1"":1212,""x2"":3144,""y2"":2144},{""x1"":2122,""y1"":1212,""x2"":3570,""y2"":2148}]","[{""x1"":2424,""y1"":1213,""x2"":3138,""y2"":2155}]","[{""x1"":2424,""y1"":1217,""x2"":3138,""y2"":2154}]"
day1/members/werner/13_0227.webp,[],[],[],[],[]
day1/members/onanong/13_0418.webp,"[{""x1"":1557,""y1"":1287,""x2"":2115,""y2"":1614},{""x1"":2275,""y1"":1503,""x2"":2449,""y2"":1839}]","[{""x1"":1557,""y1"":1287,""x2"":2115,""y2"":1614},{""x1"":2275,""y1"":1503,""x2"":2449,""y2"":1839}]","[{""x1"":1554,""y1"":1287,""x2"":2120,""y2"":1623},{""x1"":3522,""y1"":1608,""x2"":3698,""y2"":1732}]","[{""x1"":1557,""y1"":1287,""x2"":2115,""y2"":1613},{""x1"":2275,""y1"":1503,""x2"":2449,""y2"":1839}]","[{""x1"":1557,""y1"":1287,""x2"":2115,""y2"":1614},{""x1"":2275,""y1"":1503,""x2"":2449,""y2"":1839}]"
day1/members/allie/14_0032.webp,"[{""x1"":2805,""y1"":936,""x2"":3144,""y2"":1146}]","[{""x1"":2805,""y1"":936,""x2"":3144,""y2"":1146}]","[{""x1"":2800,""y1"":936,""x2"":3144,""y2"":1158}]","[{""x1"":2805,""y1"":936,""x2"":3144,""y2"":1147}]","[{""x1"":2805,""y1"":936,""x2"":3144,""y2"":1146}]"
day1/members/cathal/14_0438.webp,[],[],[],[],[]
day1/members/luca/14_0671.webp,"[{""x1"":1001,""y1"":1446,""x2"":1275,""y2"":1791}]","[{""x1"":1001,""y1"":1446,""x2"":1275,""y2"":1791}]","[{""x1"":1304,""y1"":1648,""x2"":1374,""y2"":1688},{""x1"":1296,""y1"":1649,""x2"":1460,""y2"":1743}]","[{""x1"":1002,""y1"":1445,""x2"":1275,""y2"":1791}]","[{""x1"":1001,""y1"":1446,""x2"":1275,""y2"":1791}]"
day1/members/tien/14_0109.webp,"[{""x1"":2233,""y1"":898,""x2"":2578,""y2"":1129},{""x1"":2380,""y1"":1371,""x2"":2554,""y2"":1503}]","[{""x1"":2233,""y1"":898,""x2"":2578,""y2"":1129}]","[{""x1"":2232,""y1"":899,""x2"":2576,""y2"":1137}]","[{""x1"":2233,""y1"":898,""x2"":2578,""y2"":1129},{""x1"":2380,""y1"":1371,""x2"":2554,""y2"":1502}]","[{""x1"":2233,""y1"":898,""x2"":2578,""y2"":1129},{""x1"":2380,""y1"":1371,""x2"":2554,""y2"":1503}]"
day1/members/luca/15_0032.webp,"[{""x1"":1668,""y1"":1393,""x2"":1992,""y2"":1747}]","[{""x1"":1668,""y1"":1393,""x2"":1992,""y2"":1747}]","[{""x1"":1663,""y1"":1398,""x2"":1987,""y2"":1750}]","[{""x1"":1668,""y1"":1394,""x2"":1992,""y2"":1748}]","[{""x1"":1668,""y1"":1393,""x2"":1992,""y2"":1747}]"
day1/members/onanong/15_0174.webp,[],[],[],[],[]
day1/members/onanong/15_0421.webp,[],[],[],[],[]
day1/members/florian/15_0596.webp,"[{""x1"":1539,""y1"":1033,""x2"":2799,""y2"":2143},{""x1"":5,""y1"":841,""x2"":1460,""y2"":2149}]","[{""x1"":1539,""y1"":1033,""x2"":2799,""y2"":2143}]","[{""x1"":1548,""y1"":1024,""x2"":2792,""y2"":2132}]","[{""x1"":1531,""y1"":1039,""x2"":2797,""y2"":2149},{""x1"":2517,""y1"":867,""x2"":3093,""y2"":1270},{""x1"":6,""y1"":869,""x2"":1455,""y2"":2147}]","[{""x1"":1539,""y1"":1033,""x2"":2799,""y2"":2143},{""x1"":5,""y1"":841,""x2"":1460,""y2"":2149},{""x1"":2517,""y1"":867,""x2"":3093,""y2"":1270}]"
day1/members/werner/16_0501.webp,"[{""x1"":2178,""y1"":1857,""x2"":2466,""y2"":2145}]","[{""x1"":2178,""y1"":1857,""x2"":2466,""y2"":2145}]","[{""x1"":2180,""y1"":1860,""x2"":2468,""y2"":2144}]","[{""x1"":2178,""y1"":1857,""x2"":2466,""y2"":2145}]","[{""x1"":2178,""y1"":1857,""x2"":2466,""y2"":2145}]"
day1/members/werner/16_0278.webp,"[{""x1"":3025,""y1"":1143,""x2"":3252,""y2"":1279}]",[],[],[],"[{""x1"":3025,""y1"":1143,""x2"":3252,""y2"":1279}]"
day1/members/florian/16_0046.webp,[],[],[],[],[]
day1/members/cathal/16_0128.webp,[],[],[],[],[]
day1/members/klaus/17_0225.webp,[],[],[],"[{""x1"":2244,""y1"":868,""x2"":3822,""y2"":2151}]","[{""x1"":2244,""y1"":868,""x2"":3822,""y2"":2151}]"
day1/members/cathal/17_0482.webp,[],[],[],[],[]
day1/members/stevan/17_0713.webp,[],[],[],[],[]
day1/members/tien/17_0143.webp,"[{""x1"":2614,""y1"":1692,""x2"":2710,""y2"":1788}]",[],[],"[{""x1"":2614,""y1"":1692,""x2"":2710,""y2"":1786}]","[{""x1"":2614,""y1"":1692,""x2"":2710,""y2"":1788}]"
day1/members/werner/18_0025.webp,[],[],[],[],[]
day1/members/cathal/18_0506.webp,"[{""x1"":1357,""y1"":351,""x2"":1996,""y2"":833}]","[{""x1"":1357,""y1"":351,""x2"":1996,""y2"":833}]","[{""x1"":1352,""y1"":350,""x2"":2026,""y2"":874},{""x1"":1352,""y1"":351,""x2"":2114,""y2"":1079}]",[],"[{""x1"":1357,""y1"":351,""x2"":1996,""y2"":833}]"
day1/members/luca/18_0100.webp,[],[],"[{""x1"":2288,""y1"":782,""x2"":3832,""y2"":2094}]","[{""x1"":3012,""y1"":870,""x2"":3840,""y2"":1818},{""x1"":2136,""y1"":864,""x2"":3837,""y2"":2122}]","[{""x1"":3012,""y1"":870,""x2"":3840,""y2"":1818},{""x1"":2136,""y1"":864,""x2"":3837,""y2"":2122}]"
day1/members/bjorn/18_0423.webp,[],[],"[{""x1"":1814,""y1"":937,""x2"":2098,""y2"":1142}]",[],[]
day1/members/werner/19_0440.webp,[],[],[],[],[]
day1/members/onanong/19_0549.webp,[],[],[],[],[]
day1/members/allie/19_0644.webp,"[{""x1"":2913,""y1"":1443,""x2"":3837,""y2"":2145},{""x1"":2169,""y1"":1437,""x2"":3837,""y2"":2151}]","[{""x1"":2913,""y1"":1443,""x2"":3837,""y2"":2145},{""x1"":2169,""y1"":1437,""x2"":3837,""y2"":2151}]","[{""x1"":2916,""y1"":1442,""x2"":3840,""y2"":2160},{""x1"":2504,""y1"":1440,""x2"":3836,""y2"":2160}]","[{""x1"":2910,""y1"":1442,""x2"":3840,""y2"":2151},{""x1"":2292,""y1"":1437,""x2"":3837,""y2"":2152}]","[{""x1"":2913,""y1"":1443,""x2"":3837,""y2"":2145},{""x1"":2169,""y1"":1437,""x2"":3837,""y2"":2151}]"
day1/members/tien/19_0234.webp,[],[],[],[],[]
day1/members/florian/20_0272.webp,[],[],"[{""x1"":2140,""y1"":238,""x2"":2468,""y2"":924},{""x1"":2,""y1"":780,""x2"":462,""y2"":1506}]",[],[]
day1/members/florian/20_0329.webp,"[{""x1"":3240,""y1"":5,""x2"":3840,""y2"":704},{""x1"":451,""y1"":636,""x2"":633,""y2"":736},{""x1"":2196,""y1"":430,""x2"":2508,""y2"":1066}]","[{""x1"":3240,""y1"":5,""x2"":3840,""y2"":704},{""x1"":451,""y1"":636,""x2"":633,""y2"":736},{""x1"":2196,""y1"":430,""x2"":2508,""y2"":1066}]","[{""x1"":3248,""y1"":0,""x2"":3836,""y2"":672},{""x1"":2324,""y1"":974,""x2"":2516,""y2"":1070},{""x1"":486,""y1"":638,""x2"":629,""y2"":732},{""x1"":2188,""y1"":429,""x2"":2508,""y2"":1063}]",[],"[{""x1"":3240,""y1"":5,""x2"":3840,""y2"":704},{""x1"":451,""y1"":636,""x2"":633,""y2"":736},{""x1"":2196,""y1"":430,""x2"":2508,""y2"":1066}]"
day1/members/cathal/20_0173.webp,"[{""x1"":1737,""y1"":1989,""x2"":2118,""y2"":2139},{""x1"":1599,""y1"":1018,""x2"":1983,""y2"":1287}]","[{""x1"":1737,""y1"":1989,""x2"":2118,""y2"":2139},{""x1"":1599,""y1"":1018,""x2"":1983,""y2"":1287}]","[{""x1"":1598,""y1"":1022,""x2"":1974,""y2"":1298},{""x1"":1742,""y1"":1988,""x2"":2158,""y2"":2144}]","[{""x1"":1737,""y1"":1989,""x2"":2115,""y2"":2137}]","[{""x1"":1737,""y1"":1989,""x2"":2118,""y2"":2139},{""x1"":1599,""y1"":1018,""x2"":1983,""y2"":1287}]"
day1/members/onanong/20_0021.webp,"[{""x1"":22,""y1"":1662,""x2"":1011,""y2"":2148},{""x1"":1278,""y1"":1980,""x2"":1650,""y2"":2157},{""x1"":1285,""y1"":1980,""x2"":1647,""y2"":2157}]","[{""x1"":22,""y1"":1662,""x2"":1011,""y2"":2148},{""x1"":1278,""y1"":1980,""x2"":1650,""y2"":2157},{""x1"":1285,""y1"":1980,""x2"":1647,""y2"":2157}]","[{""x1"":18,""y1"":1660,""x2"":1011,""y2"":2160},{""x1"":1586,""y1"":1592,""x2"":2320,""y2"":2120},{""x1"":1273,""y1"":1980,""x2"":1645,""y2"":2160},{""x1"":1275,""y1"":1982,""x2"":1643,""y2"":2160}]","[{""x1"":21,""y1"":1662,""x2"":1012,""y2"":2148},{""x1"":1287,""y1"":1980,""x2"":1647,""y2"":2157},{""x1"":1278,""y1"":1980,""x2"":1650,""y2"":2157}]","[{""x1"":22,""y1"":1662,""x2"":1011,""y2"":2148},{""x1"":1278,""y1"":1980,""x2"":1650,""y2"":2157},{""x1"":1285,""y1"":1980,""x2"":1647,""y2"":2157}]"
day1/members/cathal/08_0423.webp,[],[],[],[],[]
day1/members/luca/08_0255.webp,"[{""x1"":2526,""y1"":138,""x2"":2718,""y2"":267},{""x1"":1710,""y1"":794,""x2"":1821,""y2"":866},{""x1"":1,""y1"":275,""x2"":671,""y2"":1392},{""x1"":337,""y1"":65,""x2"":860,""y2"":1145},{""x1"":0,""y1"":283,""x2"":580,""y2"":1123},{""x1"":3,""y1"":63,""x2"":864,""y2"":1149}]","[{""x1"":2526,""y1"":138,""x2"":2718,""y2"":267},{""x1"":1710,""y1"":794,""x2"":1821,""y2"":866},{""x1"":1,""y1"":275,""x2"":671,""y2"":1392}]","[{""x1"":2524,""y1"":138,""x2"":2720,""y2"":266},{""x1"":1,""y1"":291,""x2"":541,""y2"":1364},{""x1"":1,""y1"":285,""x2"":690,""y2"":1493},{""x1"":0,""y1"":296,""x2"":492,""y2"":1112}]",[],"[{""x1"":2526,""y1"":138,""x2"":2718,""y2"":267},{""x1"":1710,""y1"":794,""x2"":1821,""y2"":866},{""x1"":1,""y1"":275,""x2"":671,""y2"":1392},{""x1"":337,""y1"":65,""x2"":860,""y2"":1145},{""x1"":0,""y1"":283,""x2"":580,""y2"":1123},{""x1"":3,""y1"":63,""x2"":864,""y2"":1149}]"
day1/members/werner/08_0632.webp,[],[],[],[],[]
day1/members/florian/08_0344.webp,[],[],[],[],[]
day1/members/onanong/09_0581.webp,"[{""x1"":181,""y1"":1188,""x2"":2002,""y2"":2145},{""x1"":2370,""y1"":1648,""x2"":3228,""y2"":2146},{""x1"":684,""y1"":1169,""x2"":2052,""y2"":2142}]","[{""x1"":181,""y1"":1188,""x2"":2002,""y2"":2145},{""x1"":2370,""y1"":1648,""x2"":3228,""y2"":2146},{""x1"":684,""y1"":1169,""x2"":2052,""y2"":2142}]","[{""x1"":172,""y1"":1180,""x2"":2048,""y2"":2156},{""x1"":2370,""y1"":1644,""x2"":3230,""y2"":2148}]","[{""x1"":174,""y1"":1186,""x2"":1999,""y2"":2145},{""x1"":2370,""y1"":1648,""x2"":3228,""y2"":2146},{""x1"":712,""y1"":1166,""x2"":2047,""y2"":2142}]","[{""x1"":181,""y1"":1188,""x2"":2002,""y2"":2145},{""x1"":2370,""y1"":1648,""x2"":3228,""y2"":2146},{""x1"":684,""y1"":1169,""x2"":2052,""y2"":2142}]"
day1/members/luca/09_0045.webp,[],[],[],[],[]
day1/members/onanong/09_0482.webp,"[{""x1"":1521,""y1"":1368,""x2"":3132,""y2"":2148}]","[{""x1"":1521,""y1"":1368,""x2"":3132,""y2"":2148}]","[{""x1"":1260,""y1"":1368,""x2"":3136,""y2"":2152}]","[{""x1"":1605,""y1"":1368,""x2"":3135,""y2"":2148}]","[{""x1"":1521,""y1"":1368,""x2"":3132,""y2"":2148}]"
day1/members/onanong/09_0283.webp,"[{""x1"":1485,""y1"":1662,""x2"":2376,""y2"":2148}]","[{""x1"":1485,""y1"":1662,""x2"":2376,""y2"":2148}]","[{""x1"":1486,""y1"":1662,""x2"":2378,""y2"":2144}]","[{""x1"":1485,""y1"":1656,""x2"":2379,""y2"":2145}]","[{""x1"":1485,""y1"":1662,""x2"":2376,""y2"":2148}]"
day2/members/tien/10_0485.webp,[],[],[],[],[]
day2/members/florian/10_0037.webp,[],[],[],[],[]
day2/members/klaus/10_0583.webp,[],[],"[{""x1"":2804,""y1"":1366,""x2"":2964,""y2"":1502}]",[],[]
day2/members/klaus/10_0709.webp,[],[],[],[],[]
day2/members/stevan/11_0550.webp,"[{""x1"":2200,""y1"":1507,""x2"":2332,""y2"":1618}]",[],[],"[{""x1"":2199,""y1"":1508,""x2"":2331,""y2"":1618}]","[{""x1"":2200,""y1"":1507,""x2"":2332,""y2"":1618}]"
day2/members/stevan/11_0346.webp,[],[],[],[],[]
day2/members/stevan/11_0104.webp,"[{""x1"":2970,""y1"":1165,""x2"":3147,""y2"":1402}]","[{""x1"":2970,""y1"":1165,""x2"":3147,""y2"":1402}]","[{""x1"":2968,""y1"":1169,""x2"":3160,""y2"":1403}]","[{""x1"":2970,""y1"":1164,""x2"":3144,""y2"":1401}]","[{""x1"":2970,""y1"":1165,""x2"":3147,""y2"":1402}]"
day2/members/stevan/11_0245.webp,"[{""x1"":2748,""y1"":1110,""x2"":3072,""y2"":1401}]","[{""x1"":2748,""y1"":1110,""x2"":3072,""y2"":1401}]","[{""x1"":2756,""y1"":1116,""x2"":3068,""y2"":1400}]","[{""x1"":2748,""y1"":1110,""x2"":3072,""y2"":1401}]","[{""x1"":2748,""y1"":1110,""x2"":3072,""y2"":1401}]"
day2/members/klaus/12_0131.webp,[],[],[],[],[]
day2/members/luca/12_0322.webp,"[{""x1"":1309,""y1"":950,""x2"":2758,""y2"":2151}]","[{""x1"":1309,""y1"":950,""x2"":2758,""y2"":2151}]","[{""x1"":1312,""y1"":946,""x2"":2766,""y2"":2160}]","[{""x1"":1305,""y1"":951,""x2"":2763,""y2"":2154}]","[{""x1"":1309,""y1"":950,""x2"":2758,""y2"":2151}]"
day2/members/klaus/12_0217.webp,"[{""x1"":795,""y1"":724,""x2"":1653,""y2"":1725}]","[{""x1"":795,""y1"":724,""x2"":1653,""y2"":1725}]",[],"[{""x1"":798,""y1"":864,""x2"":1650,""y2"":1722}]","[{""x1"":795,""y1"":724,""x2"":1653,""y2"":1725}]"
day2/members/cathal/12_0720.webp,"[{""x1"":1602,""y1"":1018,""x2"":1752,""y2"":1359}]",[],"[{""x1"":1596,""y1"":1016,""x2"":1748,""y2"":1366}]","[{""x1"":1608,""y1"":1019,""x2"":1752,""y2"":1359}]","[{""x1"":1602,""y1"":1018,""x2"":1752,""y2"":1359}]"
day2/members/tien/13_0301.webp,"[{""x1"":1146,""y1"":750,""x2"":2829,""y2"":1791},{""x1"":3078,""y1"":1185,""x2"":3834,""y2"":2139},{""x1"":3228,""y1"":1183,""x2"":3840,""y2"":1639}]","[{""x1"":1146,""y1"":750,""x2"":2829,""y2"":1791},{""x1"":3078,""y1"":1185,""x2"":3834,""y2"":2139}]","[{""x1"":1142,""y1"":738,""x2"":2804,""y2"":1792},{""x1"":3080,""y1"":1182,""x2"":3840,""y2"":2114},{""x1"":3168,""y1"":1180,""x2"":3840,""y2"":1640}]","[{""x1"":1128,""y1"":867,""x2"":2826,""y2"":1801},{""x1"":3081,""y1"":1186,""x2"":3837,""y2"":2139}]","[{""x1"":1146,""y1"":750,""x2"":2829,""y2"":1791},{""x1"":3078,""y1"":1185,""x2"":3834,""y2"":2139},{""x1"":3228,""y1"":1183,""x2"":3840,""y2"":1639}]"
day2/members/tien/13_0227.webp,"[{""x1"":1184,""y1"":856,""x2"":2835,""y2"":1924},{""x1"":3114,""y1"":1255,""x2"":3840,""y2"":2137},{""x1"":3240,""y1"":1255,""x2"":3840,""y2"":1702}]","[{""x1"":1184,""y1"":856,""x2"":2835,""y2"":1924},{""x1"":3114,""y1"":1255,""x2"":3840,""y2"":2137},{""x1"":3240,""y1"":1255,""x2"":3840,""y2"":1702}]","[{""x1"":1168,""y1"":852,""x2"":2832,""y2"":1922},{""x1"":3116,""y1"":1256,""x2"":3836,""y2"":2136}]","[{""x1"":1185,""y1"":872,""x2"":2856,""y2"":1930},{""x1"":3114,""y1"":1255,""x2"":3840,""y2"":2140},{""x1"":3234,""y1"":1257,""x2"":3840,""y2"":1702}]","[{""x1"":1184,""y1"":856,""x2"":2835,""y2"":1924},{""x1"":3114,""y1"":1255,""x2"":3840,""y2"":2137},{""x1"":3240,""y1"":1255,""x2"":3840,""y2"":1702}]"
day2/members/tien/13_0078.webp,"[{""x1"":1053,""y1"":771,""x2"":2844,""y2"":1896},{""x1"":3084,""y1"":1206,""x2"":3840,""y2"":2136},{""x1"":3258,""y1"":1209,""x2"":3840,""y2"":1698}]","[{""x1"":1053,""y1"":771,""x2"":2844,""y2"":1896},{""x1"":3084,""y1"":1206,""x2"":3840,""y2"":2136}]","[{""x1"":1050,""y1"":760,""x2"":2812,""y2"":1884},{""x1"":3084,""y1"":1206,""x2"":3836,""y2"":2124}]","[{""x1"":1062,""y1"":864,""x2"":2826,""y2"":1901},{""x1"":3084,""y1"":1208,""x2"":3840,""y2"":2136}]","[{""x1"":1053,""y1"":771,""x2"":2844,""y2"":1896},{""x1"":3084,""y1"":1206,""x2"":3840,""y2"":2136},{""x1"":3258,""y1"":1209,""x2"":3840,""y2"":1698}]"
day2/members/tien/13_0190.webp,"[{""x1"":1185,""y1"":811,""x2"":2868,""y2"":1872},{""x1"":3120,""y1"":1230,""x2"":3840,""y2"":2136},{""x1"":3240,""y1"":1234,""x2"":3840,""y2"":1690}]","[{""x1"":1185,""y1"":811,""x2"":2868,""y2"":1872},{""x1"":3120,""y1"":1230,""x2"":3840,""y2"":2136}]","[{""x1"":1176,""y1"":790,""x2"":2856,""y2"":1870},{""x1"":3118,""y1"":1230,""x2"":3838,""y2"":2140}]","[{""x1"":1187,""y1"":868,""x2"":2862,""y2"":1878},{""x1"":3120,""y1"":1231,""x2"":3840,""y2"":2140}]","[{""x1"":1185,""y1"":811,""x2"":2868,""y2"":1872},{""x1"":3120,""y1"":1230,""x2"":3840,""y2"":2136},{""x1"":3240,""y1"":1234,""x2"":3840,""y2"":1690}]"
day2/members/bjorn/14_0689.webp,"[{""x1"":1380,""y1"":1170,""x2"":3075,""y2"":2142},{""x1"":1359,""y1"":1167,""x2"":3072,""y2"":2145}]","[{""x1"":1380,""y1"":1170,""x2"":3075,""y2"":2142},{""x1"":1359,""y1"":1167,""x2"":3072,""y2"":2145}]","[{""x1"":1378,""y1"":1170,""x2"":3078,""y2"":2158}]","[{""x1"":1353,""y1"":1165,""x2"":3072,""y2"":2143},{""x1"":1389,""y1"":1171,""x2"":3084,""y2"":2146}]","[{""x1"":1380,""y1"":1170,""x2"":3075,""y2"":2142},{""x1"":1359,""y1"":1167,""x2"":3072,""y2"":2145}]"
day2/members/werner/14_0023.webp,"[{""x1"":1323,""y1"":1038,""x2"":3144,""y2"":2118}]","[{""x1"":1323,""y1"":1038,""x2"":3144,""y2"":2118}]","[{""x1"":1333,""y1"":1036,""x2"":3284,""y2"":2100}]","[{""x1"":1331,""y1"":1042,""x2"":3138,""y2"":2116}]","[{""x1"":1323,""y1"":1038,""x2"":3144,""y2"":2118}]"
day2/members/luca/14_0216.webp,[],[],[],[],[]
day2/members/bjorn/14_0374.webp,"[{""x1"":2412,""y1"":1380,""x2"":2532,""y2"":1461},{""x1"":2040,""y1"":627,""x2"":2394,""y2"":960}]","[{""x1"":2412,""y1"":1380,""x2"":2532,""y2"":1461},{""x1"":2040,""y1"":627,""x2"":2394,""y2"":960}]","[{""x1"":2412,""y1"":1384,""x2"":2532,""y2"":1468}]","[{""x1"":2412,""y1"":1379,""x2"":2532,""y2"":1460}]","[{""x1"":2412,""y1"":1380,""x2"":2532,""y2"":1461},{""x1"":2040,""y1"":627,""x2"":2394,""y2"":960}]"
day2/members/klaus/15_0332.webp,"[{""x1"":1227,""y1"":474,""x2"":3081,""y2"":1461},{""x1"":1236,""y1"":474,""x2"":3084,""y2"":1473}]","[{""x1"":1227,""y1"":474,""x2"":3081,""y2"":1461},{""x1"":1236,""y1"":474,""x2"":3084,""y2"":1473}]","[{""x1"":1219,""y1"":482,""x2"":3084,""y2"":1460}]","[{""x1"":1257,""y1"":867,""x2"":3003,""y2"":1467},{""x1"":2847,""y1"":867,""x2"":3837,""y2"":1466}]","[{""x1"":1227,""y1"":474,""x2"":3081,""y2"":1461},{""x1"":1236,""y1"":474,""x2"":3084,""y2"":1473},{""x1"":2847,""y1"":867,""x2"":3837,""y2"":1466}]"
day2/members/klaus/15_0290.webp,"[{""x1"":1258,""y1"":838,""x2"":3022,""y2"":1839}]","[{""x1"":1258,""y1"":838,""x2"":3022,""y2"":1839}]","[{""x1"":1265,""y1"":825,""x2"":3096,""y2"":1839}]","[{""x1"":1241,""y1"":876,""x2"":3048,""y2"":1842},{""x1"":2844,""y1"":866,""x2"":3828,""y2"":1836}]","[{""x1"":1258,""y1"":838,""x2"":3022,""y2"":1839},{""x1"":2844,""y1"":866,""x2"":3828,""y2"":1836}]"
day2/members/klaus/15_0417.webp,"[{""x1"":1278,""y1"":432,""x2"":3096,""y2"":1395}]","[{""x1"":1278,""y1"":432,""x2"":3096,""y2"":1395}]","[{""x1"":1266,""y1"":442,""x2"":3102,""y2"":1408}]","[{""x1"":1332,""y1"":867,""x2"":3024,""y2"":1400},{""x1"":2887,""y1"":867,""x2"":3834,""y2"":1403}]","[{""x1"":1278,""y1"":432,""x2"":3096,""y2"":1395},{""x1"":2887,""y1"":867,""x2"":3834,""y2"":1403}]"
day2/members/florian/15_0625.webp,"[{""x1"":933,""y1"":273,""x2"":2733,""y2"":1257}]","[{""x1"":933,""y1"":273,""x2"":2733,""y2"":1257}]","[{""x1"":900,""y1"":274,""x2"":2756,""y2"":1248}]","[{""x1"":990,""y1"":864,""x2"":2643,""y2"":1251},{""x1"":2571,""y1"":867,""x2"":3417,""y2"":1220},{""x1"":49,""y1"":867,""x2"":1057,""y2"":1243}]","[{""x1"":933,""y1"":273,""x2"":2733,""y2"":1257},{""x1"":990,""y1"":864,""x2"":2643,""y2"":1251},{""x1"":2571,""y1"":867,""x2"":3417,""y2"":1220},{""x1"":49,""y1"":867,""x2"":1057,""y2"":1243}]"
day2/members/florian/16_0007.webp,"[{""x1"":1027,""y1"":380,""x2"":2755,""y2"":1335},{""x1"":3336,""y1"":925,""x2"":3840,""y2"":1861},{""x1"":1324,""y1"":349,""x2"":2977,""y2"":2119}]","[{""x1"":1027,""y1"":380,""x2"":2755,""y2"":1335},{""x1"":3336,""y1"":925,""x2"":3840,""y2"":1861},{""x1"":1324,""y1"":349,""x2"":2977,""y2"":2119}]","[{""x1"":1009,""y1"":388,""x2"":2790,""y2"":1344},{""x1"":3336,""y1"":926,""x2"":3840,""y2"":1866}]","[{""x1"":1086,""y1"":864,""x2"":2667,""y2"":1329},{""x1"":2640,""y1"":868,""x2"":3840,""y2"":1318},{""x1"":2643,""y1"":866,""x2"":3444,""y2"":1312}]","[{""x1"":1027,""y1"":380,""x2"":2755,""y2"":1335},{""x1"":3336,""y1"":925,""x2"":3840,""y2"":1861},{""x1"":1324,""y1"":349,""x2"":2977,""y2"":2119},{""x1"":1086,""y1"":864,""x2"":2667,""y2"":1329},{""x1"":2640,""y1"":868,""x2"":3840,""y2"":1318}]"
day2/members/florian/16_0111.webp,"[{""x1"":1014,""y1"":384,""x2"":2700,""y2"":1312},{""x1"":1018,""y1"":385,""x2"":2719,""y2"":1327},{""x1"":3252,""y1"":972,""x2"":3840,""y2"":1836},{""x1"":1298,""y1"":366,""x2"":2913,""y2"":2130}]","[{""x1"":1014,""y1"":384,""x2"":2700,""y2"":1312},{""x1"":1018,""y1"":385,""x2"":2719,""y2"":1327},{""x1"":3252,""y1"":972,""x2"":3840,""y2"":1836}]","[{""x1"":1010,""y1"":388,""x2"":2746,""y2"":1318},{""x1"":3256,""y1"":973,""x2"":3840,""y2"":1850}]","[{""x1"":1065,""y1"":864,""x2"":2658,""y2"":1305},{""x1"":2568,""y1"":867,""x2"":3486,""y2"":1324},{""x1"":3252,""y1"":971,""x2"":3840,""y2"":1830}]","[{""x1"":1014,""y1"":384,""x2"":2700,""y2"":1312},{""x1"":1018,""y1"":385,""x2"":2719,""y2"":1327},{""x1"":3252,""y1"":972,""x2"":3840,""y2"":1836},{""x1"":1298,""y1"":366,""x2"":2913,""y2"":2130},{""x1"":1065,""y1"":864,""x2"":2658,""y2"":1305},{""x1"":2568,""y1"":867,""x2"":3486,""y2"":1324}]"
day2/members/allie/16_0461.webp,"[{""x1"":919,""y1"":693,""x2"":2626,""y2"":1816},{""x1"":3408,""y1"":1003,""x2"":3840,""y2"":1834}]","[{""x1"":919,""y1"":693,""x2"":2626,""y2"":1816},{""x1"":3408,""y1"":1003,""x2"":3840,""y2"":1834}]","[{""x1"":908,""y1"":661,""x2"":2636,""y2"":1818},{""x1"":3416,""y1"":1000,""x2"":3840,""y2"":1852}]","[{""x1"":919,""y1"":867,""x2"":2629,""y2"":1833},{""x1"":3408,""y1"":1003,""x2"":3840,""y2"":1833},{""x1"":1,""y1"":874,""x2"":1135,""y2"":2133}]","[{""x1"":919,""y1"":693,""x2"":2626,""y2"":1816},{""x1"":3408,""y1"":1003,""x2"":3840,""y2"":1834},{""x1"":1,""y1"":874,""x2"":1135,""y2"":2133}]"
day2/members/allie/16_0504.webp,"[{""x1"":914,""y1"":666,""x2"":2655,""y2"":1792},{""x1"":3402,""y1"":1002,""x2"":3840,""y2"":1845}]","[{""x1"":914,""y1"":666,""x2"":2655,""y2"":1792},{""x1"":3402,""y1"":1002,""x2"":3840,""y2"":1845}]","[{""x1"":906,""y1"":636,""x2"":2636,""y2"":1792},{""x1"":3396,""y1"":998,""x2"":3840,""y2"":1854}]","[{""x1"":921,""y1"":867,""x2"":2601,""y2"":1798},{""x1"":3396,""y1"":1002,""x2"":3840,""y2"":1844}]","[{""x1"":914,""y1"":666,""x2"":2655,""y2"":1792},{""x1"":3402,""y1"":1002,""x2"":3840,""y2"":1845}]"
day2/members/florian/17_0708.webp,[],[],[],[],[]
day2/members/cathal/17_0514.webp,"[{""x1"":1563,""y1"":1066,""x2"":3051,""y2"":2155},{""x1"":1344,""y1"":516,""x2"":1908,""y2"":912}]","[{""x1"":1563,""y1"":1066,""x2"":3051,""y2"":2155},{""x1"":1344,""y1"":516,""x2"":1908,""y2"":912}]","[{""x1"":1575,""y1"":1042,""x2"":3056,""y2"":2160},{""x1"":1344,""y1"":507,""x2"":1908,""y2"":913},{""x1"":701,""y1"":227,""x2"":1089,""y2"":635}]","[{""x1"":1557,""y1"":1072,""x2"":3051,""y2"":2155}]","[{""x1"":1563,""y1"":1066,""x2"":3051,""y2"":2155},{""x1"":1344,""y1"":516,""x2"":1908,""y2"":912}]"
day2/members/cathal/17_0031.webp,"[{""x1"":1212,""y1"":1152,""x2"":2736,""y2"":2148},{""x1"":405,""y1"":1083,""x2"":610,""y2"":1236},{""x1"":293,""y1"":1081,""x2"":612,""y2"":1234},{""x1"":405,""y1"":1127,""x2"":558,""y2"":1230}]","[{""x1"":1212,""y1"":1152,""x2"":2736,""y2"":2148},{""x1"":405,""y1"":1083,""x2"":610,""y2"":1236},{""x1"":293,""y1"":1081,""x2"":612,""y2"":1234}]","[{""x1"":1214,""y1"":1158,""x2"":2770,""y2"":2154},{""x1"":293,""y1"":1076,""x2"":617,""y2"":1238}]","[{""x1"":1209,""y1"":1154,""x2"":2745,""y2"":2148},{""x1"":324,""y1"":1083,""x2"":609,""y2"":1237}]","[{""x1"":1212,""y1"":1152,""x2"":2736,""y2"":2148},{""x1"":405,""y1"":1083,""x2"":610,""y2"":1236},{""x1"":293,""y1"":1081,""x2"":612,""y2"":1234},{""x1"":405,""y1"":1127,""x2"":558,""y2"":1230}]"
day2/members/cathal/17_0470.webp,"[{""x1"":1620,""y1"":1131,""x2"":2988,""y2"":2157},{""x1"":1449,""y1"":802,""x2"":2061,""y2"":1231},{""x1"":1398,""y1"":475,""x2"":1971,""y2"":897}]","[{""x1"":1620,""y1"":1131,""x2"":2988,""y2"":2157},{""x1"":1449,""y1"":802,""x2"":2061,""y2"":1231},{""x1"":1398,""y1"":475,""x2"":1971,""y2"":897}]","[{""x1"":1624,""y1"":1138,""x2"":2988,""y2"":2160},{""x1"":1396,""y1"":478,""x2"":1968,""y2"":908},{""x1"":1462,""y1"":801,""x2"":2064,""y2"":1223}]","[{""x1"":1621,""y1"":1129,""x2"":2986,""y2"":2155},{""x1"":1455,""y1"":870,""x2"":2073,""y2"":1228}]","[{""x1"":1620,""y1"":1131,""x2"":2988,""y2"":2157},{""x1"":1449,""y1"":802,""x2"":2061,""y2"":1231},{""x1"":1398,""y1"":475,""x2"":1971,""y2"":897}]"
day2/members/allie/18_0481.webp,"[{""x1"":43,""y1"":1839,""x2"":318,""y2"":1920},{""x1"":2079,""y1"":1026,""x2"":2271,""y2"":1194},{""x1"":339,""y1"":1035,""x2"":520,""y2"":1167},{""x1"":1617,""y1"":843,""x2"":1761,""y2"":936},{""x1"":0,""y1"":1804,""x2"":337,""y2"":2158},{""x1"":34,""y1"":1803,""x2"":337,""y2"":1923}]","[{""x1"":43,""y1"":1839,""x2"":318,""y2"":1920},{""x1"":2079,""y1"":1026,""x2"":2271,""y2"":1194},{""x1"":339,""y1"":1035,""x2"":520,""y2"":1167},{""x1"":1617,""y1"":843,""x2"":1761,""y2"":936},{""x1"":0,""y1"":1804,""x2"":337,""y2"":2158}]","[{""x1"":340,""y1"":1023,""x2"":517,""y2"":1163},{""x1"":0,""y1"":1816,""x2"":338,""y2"":2152},{""x1"":35,""y1"":1837,""x2"":306,""y2"":1923}]","[{""x1"":0,""y1"":1803,""x2"":337,""y2"":2160},{""x1"":343,""y1"":1030,""x2"":520,""y2"":1170},{""x1"":45,""y1"":1839,""x2"":319,""y2"":1920},{""x1"":2079,""y1"":1024,""x2"":2265,""y2"":1192}]","[{""x1"":43,""y1"":1839,""x2"":318,""y2"":1920},{""x1"":2079,""y1"":1026,""x2"":2271,""y2"":1194},{""x1"":339,""y1"":1035,""x2"":520,""y2"":1167},{""x1"":1617,""y1"":843,""x2"":1761,""y2"":936},{""x1"":0,""y1"":1804,""x2"":337,""y2"":2158},{""x1"":34,""y1"":1803,""x2"":337,""y2"":1923}]"
day2/members/cathal/18_0623.webp,"[{""x1"":2455,""y1"":417,""x2"":2620,""y2"":475},{""x1"":2371,""y1"":578,""x2"":2545,""y2"":696},{""x1"":698,""y1"":1602,""x2"":894,""y2"":1770},{""x1"":891,""y1"":1302,""x2"":2118,""y2"":2148}]","[{""x1"":2455,""y1"":417,""x2"":2620,""y2"":475},{""x1"":2371,""y1"":578,""x2"":2545,""y2"":696},{""x1"":698,""y1"":1602,""x2"":894,""y2"":1770},{""x1"":891,""y1"":1302,""x2"":2118,""y2"":2148}]","[{""x1"":2368,""y1"":574,""x2"":2544,""y2"":696},{""x1"":2448,""y1"":415,""x2"":2624,""y2"":487},{""x1"":1229,""y1"":967,""x2"":1389,""y2"":1093},{""x1"":667,""y1"":1598,""x2"":907,""y2"":1918},{""x1"":713,""y1"":1601,""x2"":901,""y2"":1767},{""x1"":676,""y1"":1596,""x2"":905,""y2"":1818},{""x1"":2460,""y1"":410,""x2"":2628,""y2"":471}]","[{""x1"":2676,""y1"":867,""x2"":3186,""y2"":1107},{""x1"":2673,""y1"":867,""x2"":2997,""y2"":1103},{""x1"":870,""y1"":1303,""x2"":2121,""y2"":2146},{""x1"":696,""y1"":1601,""x2"":897,""y2"":1769}]","[{""x1"":2455,""y1"":417,""x2"":2620,""y2"":475},{""x1"":2371,""y1"":578,""x2"":2545,""y2"":696},{""x1"":698,""y1"":1602,""x2"":894,""y2"":1770},{""x1"":891,""y1"":1302,""x2"":2118,""y2"":2148},{""x1"":2676,""y1"":867,""x2"":3186,""y2"":1107}]"
day2/members/cathal/18_0165.webp,"[{""x1"":1722,""y1"":868,""x2"":3321,""y2"":2146},{""x1"":1578,""y1"":473,""x2"":2166,""y2"":965}]","[{""x1"":1722,""y1"":868,""x2"":3321,""y2"":2146},{""x1"":1578,""y1"":473,""x2"":2166,""y2"":965}]","[{""x1"":1693,""y1"":866,""x2"":3364,""y2"":2160},{""x1"":1576,""y1"":475,""x2"":2162,""y2"":962}]","[{""x1"":1722,""y1"":876,""x2"":3324,""y2"":2146}]","[{""x1"":1722,""y1"":868,""x2"":3321,""y2"":2146},{""x1"":1578,""y1"":473,""x2"":2166,""y2"":965}]"
day2/members/cathal/18_0330.webp,"[{""x1"":1890,""y1"":876,""x2"":3360,""y2"":2154},{""x1"":1752,""y1"":545,""x2"":2322,""y2"":986},{""x1"":285,""y1"":1935,""x2"":386,""y2"":2010},{""x1"":2505,""y1"":402,""x2"":2679,""y2"":717},{""x1"":2511,""y1"":388,""x2"":2745,""y2"":720}]","[{""x1"":1890,""y1"":876,""x2"":3360,""y2"":2154},{""x1"":1752,""y1"":545,""x2"":2322,""y2"":986},{""x1"":285,""y1"":1935,""x2"":386,""y2"":2010},{""x1"":2505,""y1"":402,""x2"":2679,""y2"":717},{""x1"":2511,""y1"":388,""x2"":2745,""y2"":720}]","[{""x1"":1927,""y1"":858,""x2"":3384,""y2"":2160},{""x1"":1750,""y1"":506,""x2"":2322,""y2"":976}]","[{""x1"":1902,""y1"":873,""x2"":3366,""y2"":2160},{""x1"":285,""y1"":1935,""x2"":385,""y2"":2010}]","[{""x1"":1890,""y1"":876,""x2"":3360,""y2"":2154},{""x1"":1752,""y1"":545,""x2"":2322,""y2"":986},{""x1"":285,""y1"":1935,""x2"":386,""y2"":2010},{""x1"":2505,""y1"":402,""x2"":2679,""y2"":717},{""x1"":2511,""y1"":388,""x2"":2745,""y2"":720}]"
day2/members/cathal/19_0065.webp,[],[],[],[],[]
day2/members/allie/19_0540.webp,[],[],[],[],[]
day2/members/cathal/19_0188.webp,"[{""x1"":1656,""y1"":831,""x2"":3324,""y2"":2148},{""x1"":1437,""y1"":631,""x2"":2106,""y2"":1258},{""x1"":2043,""y1"":348,""x2"":2445,""y2"":783}]","[{""x1"":1656,""y1"":831,""x2"":3324,""y2"":2148},{""x1"":1437,""y1"":631,""x2"":2106,""y2"":1258}]","[{""x1"":1563,""y1"":840,""x2"":3316,""y2"":2160},{""x1"":1436,""y1"":633,""x2"":2126,""y2"":1270}]","[{""x1"":1683,""y1"":864,""x2"":3321,""y2"":2149},{""x1"":1434,""y1"":868,""x2"":2304,""y2"":1287}]","[{""x1"":1656,""y1"":831,""x2"":3324,""y2"":2148},{""x1"":1437,""y1"":631,""x2"":2106,""y2"":1258},{""x1"":2043,""y1"":348,""x2"":2445,""y2"":783},{""x1"":1434,""y1"":868,""x2"":2304,""y2"":1287}]"
day2/members/cathal/19_0230.webp,"[{""x1"":1782,""y1"":738,""x2"":3390,""y2"":2154},{""x1"":308,""y1"":1824,""x2"":402,""y2"":1902},{""x1"":1734,""y1"":347,""x2"":2310,""y2"":789},{""x1"":326,""y1"":1836,""x2"":457,""y2"":1932}]","[{""x1"":1782,""y1"":738,""x2"":3390,""y2"":2154},{""x1"":308,""y1"":1824,""x2"":402,""y2"":1902},{""x1"":1734,""y1"":347,""x2"":2310,""y2"":789},{""x1"":326,""y1"":1836,""x2"":457,""y2"":1932}]","[{""x1"":1806,""y1"":734,""x2"":3354,""y2"":2160},{""x1"":304,""y1"":1827,""x2"":454,""y2"":1925},{""x1"":1730,""y1"":339,""x2"":2310,""y2"":793}]","[{""x1"":1845,""y1"":864,""x2"":3360,""y2"":2147},{""x1"":308,""y1"":1826,""x2"":402,""y2"":1902},{""x1"":317,""y1"":1834,""x2"":457,""y2"":1933}]","[{""x1"":1782,""y1"":738,""x2"":3390,""y2"":2154},{""x1"":308,""y1"":1824,""x2"":402,""y2"":1902},{""x1"":1734,""y1"":347,""x2"":2310,""y2"":789},{""x1"":326,""y1"":1836,""x2"":457,""y2"":1932}]"
day2/members/cathal/20_0186.webp,"[{""x1"":1487,""y1"":316,""x2"":1704,""y2"":495}]","[{""x1"":1487,""y1"":316,""x2"":1704,""y2"":495}]",[],[],"[{""x1"":1487,""y1"":316,""x2"":1704,""y2"":495}]"
day2/members/stevan/20_0437.webp,"[{""x1"":993,""y1"":1936,""x2"":1065,""y2"":2050},{""x1"":993,""y1"":1935,""x2"":1092,""y2"":2055}]","[{""x1"":993,""y1"":1936,""x2"":1065,""y2"":2050},{""x1"":993,""y1"":1935,""x2"":1092,""y2"":2055}]",[],"[{""x1"":993,""y1"":1937,""x2"":1065,""y2"":2049},{""x1"":992,""y1"":1935,""x2"":1098,""y2"":2055}]","[{""x1"":993,""y1"":1936,""x2"":1065,""y2"":2050},{""x1"":993,""y1"":1935,""x2"":1092,""y2"":2055}]"
day2/members/werner/20_0669.webp,"[{""x1"":180,""y1"":1224,""x2"":771,""y2"":1644}]","[{""x1"":180,""y1"":1224,""x2"":771,""y2"":1644}]","[{""x1"":175,""y1"":1224,""x2"":775,""y2"":1660}]","[{""x1"":177,""y1"":1224,""x2"":771,""y2"":1639}]","[{""x1"":180,""y1"":1224,""x2"":771,""y2"":1644}]"
day2/members/werner/20_0510.webp,"[{""x1"":1746,""y1"":349,""x2"":2274,""y2"":727},{""x1"":1617,""y1"":354,""x2"":2277,""y2"":941},{""x1"":1075,""y1"":350,""x2"":2278,""y2"":934}]","[{""x1"":1746,""y1"":349,""x2"":2274,""y2"":727},{""x1"":1617,""y1"":354,""x2"":2277,""y2"":941},{""x1"":1075,""y1"":350,""x2"":2278,""y2"":934}]","[{""x1"":1630,""y1"":338,""x2"":2276,""y2"":941}]","[{""x1"":3348,""y1"":1373,""x2"":3834,""y2"":2151}]","[{""x1"":1746,""y1"":349,""x2"":2274,""y2"":727},{""x1"":1617,""y1"":354,""x2"":2277,""y2"":941},{""x1"":1075,""y1"":350,""x2"":2278,""y2"":934},{""x1"":3348,""y1"":1373,""x2"":3834,""y2"":2151}]"
day2/members/werner/08_0068.webp,"[{""x1"":1995,""y1"":1548,""x2"":2163,""y2"":1710}]","[{""x1"":1995,""y1"":1548,""x2"":2163,""y2"":1710}]","[{""x1"":1995,""y1"":1543,""x2"":2164,""y2"":1711}]","[{""x1"":1995,""y1"":1546,""x2"":2163,""y2"":1710}]","[{""x1"":1995,""y1"":1548,""x2"":2163,""y2"":1710}]"
day2/members/luca/08_0586.webp,[],[],[],[],[]
day2/members/luca/08_0637.webp,[],[],[],[],[]
day2/members/luca/08_0482.webp,[],[],[],[],[]
day2/members/werner/09_0713.webp,[],[],[],[],[]
day2/members/florian/09_0551.webp,"[{""x1"":1194,""y1"":60,""x2"":2106,""y2"":576}]",[],"[{""x1"":1200,""y1"":59,""x2"":2088,""y2"":528},{""x1"":1444,""y1"":452,""x2"":1900,""y2"":922}]",[],"[{""x1"":1194,""y1"":60,""x2"":2106,""y2"":576}]"
day2/members/florian/09_0655.webp,"[{""x1"":2259,""y1"":246,""x2"":2505,""y2"":425},{""x1"":398,""y1"":883,""x2"":518,""y2"":960},{""x1"":2256,""y1"":244,""x2"":2505,""y2"":452},{""x1"":1131,""y1"":249,""x2"":1953,""y2"":636}]","[{""x1"":2259,""y1"":246,""x2"":2505,""y2"":425},{""x1"":398,""y1"":883,""x2"":518,""y2"":960},{""x1"":2256,""y1"":244,""x2"":2505,""y2"":452}]","[{""x1"":1122,""y1"":251,""x2"":1944,""y2"":649},{""x1"":2256,""y1"":244,""x2"":2504,""y2"":428}]",[],"[{""x1"":2259,""y1"":246,""x2"":2505,""y2"":425},{""x1"":398,""y1"":883,""x2"":518,""y2"":960},{""x1"":2256,""y1"":244,""x2"":2505,""y2"":452},{""x1"":1131,""y1"":249,""x2"":1953,""y2"":636}]"
day2/members/florian/09_0290.webp,"[{""x1"":1419,""y1"":451,""x2"":2325,""y2"":1392},{""x1"":3444,""y1"":741,""x2"":3840,""y2"":1803}]","[{""x1"":1419,""y1"":451,""x2"":2325,""y2"":1392}]","[{""x1"":1418,""y1"":456,""x2"":2326,""y2"":1398}]","[{""x1"":1416,""y1"":864,""x2"":2322,""y2"":1391},{""x1"":3444,""y1"":870,""x2"":3840,""y2"":1797}]","[{""x1"":1419,""y1"":451,""x2"":2325,""y2"":1392},{""x1"":3444,""y1"":741,""x2"":3840,""y2"":1803}]"
day3/members/allie/10_0309.webp,"[{""x1"":2436,""y1"":395,""x2"":3066,""y2"":912},{""x1"":0,""y1"":1213,""x2"":537,""y2"":1759}]","[{""x1"":2436,""y1"":395,""x2"":3066,""y2"":912},{""x1"":0,""y1"":1213,""x2"":537,""y2"":1759}]","[{""x1"":2432,""y1"":395,""x2"":3064,""y2"":916},{""x1"":0,""y1"":1212,""x2"":527,""y2"":1798}]","[{""x1"":0,""y1"":1211,""x2"":537,""y2"":1750}]","[{""x1"":2436,""y1"":395,""x2"":3066,""y2"":912},{""x1"":0,""y1"":1213,""x2"":537,""y2"":1759}]"
day3/members/klaus/10_0640.webp,"[{""x1"":0,""y1"":3,""x2"":536,""y2"":399},{""x1"":420,""y1"":873,""x2"":794,""y2"":1128},{""x1"":1133,""y1"":450,""x2"":2850,""y2"":2160},{""x1"":1338,""y1"":1176,""x2"":2784,""y2"":2145},{""x1"":84,""y1"":621,""x2"":595,""y2"":963},{""x1"":0,""y1"":1671,""x2"":105,""y2"":1941}]","[{""x1"":0,""y1"":3,""x2"":536,""y2"":399},{""x1"":420,""y1"":873,""x2"":794,""y2"":1128},{""x1"":1133,""y1"":450,""x2"":2850,""y2"":2160}]","[{""x1"":1110,""y1"":568,""x2"":2862,""y2"":2160},{""x1"":2984,""y1"":913,""x2"":3192,""y2"":1078},{""x1"":422,""y1"":870,""x2"":804,""y2"":1122},{""x1"":1,""y1"":0,""x2"":525,""y2"":396}]","[{""x1"":1134,""y1"":880,""x2"":2904,""y2"":2160},{""x1"":0,""y1"":1669,""x2"":105,""y2"":1944},{""x1"":422,""y1"":876,""x2"":796,""y2"":1127},{""x1"":1359,""y1"":865,""x2"":2811,""y2"":2034}]","[{""x1"":0,""y1"":3,""x2"":536,""y2"":399},{""x1"":420,""y1"":873,""x2"":794,""y2"":1128},{""x1"":1133,""y1"":450,""x2"":2850,""y2"":2160},{""x1"":1338,""y1"":1176,""x2"":2784,""y2"":2145},{""x1"":84,""y1"":621,""x2"":595,""y2"":963},{""x1"":0,""y1"":1671,""x2"":105,""y2"":1941}]"
day3/members/bjorn/10_0208.webp,"[{""x1"":1410,""y1"":1178,""x2"":2010,""y2"":1941},{""x1"":229,""y1"":1351,""x2"":387,""y2"":1495}]","[{""x1"":1410,""y1"":1178,""x2"":2010,""y2"":1941}]","[{""x1"":1400,""y1"":1202,""x2"":2004,""y2"":1920},{""x1"":1401,""y1"":1206,""x2"":2007,""y2"":1906},{""x1"":1402,""y1"":1226,""x2"":2246,""y2"":2138}]","[{""x1"":1408,""y1"":1173,""x2"":2014,""y2"":1944},{""x1"":229,""y1"":1351,""x2"":388,""y2"":1495},{""x1"":1414,""y1"":1187,""x2"":2014,""y2"":1896}]","[{""x1"":1410,""y1"":1178,""x2"":2010,""y2"":1941},{""x1"":229,""y1"":1351,""x2"":387,""y2"":1495}]"
day3/members/tien/10_0459.webp,"[{""x1"":3057,""y1"":479,""x2"":3303,""y2"":618},{""x1"":1864,""y1"":1,""x2"":2731,""y2"":328},{""x1"":1983,""y1"":628,""x2"":2829,""y2"":1141},{""x1"":873,""y1"":1093,""x2"":1074,""y2"":1180},{""x1"":2385,""y1"":886,""x2"":2646,""y2"":1243},{""x1"":2382,""y1"":883,""x2"":2568,""y2"":1249}]","[{""x1"":3057,""y1"":479,""x2"":3303,""y2"":618},{""x1"":1864,""y1"":1,""x2"":2731,""y2"":328},{""x1"":1983,""y1"":628,""x2"":2829,""y2"":1141},{""x1"":873,""y1"":1093,""x2"":1074,""y2"":1180},{""x1"":2385,""y1"":886,""x2"":2646,""y2"":1243}]","[{""x1"":1992,""y1"":621,""x2"":2828,""y2"":1045},{""x1"":1885,""y1"":0,""x2"":2804,""y2"":329},{""x1"":2384,""y1"":880,""x2"":2560,""y2"":1248},{""x1"":3056,""y1"":479,""x2"":3344,""y2"":635},{""x1"":2388,""y1"":884,""x2"":2636,""y2"":1248}]","[{""x1"":873,""y1"":1092,""x2"":1074,""y2"":1179},{""x1"":2385,""y1"":888,""x2"":2646,""y2"":1243}]","[{""x1"":3057,""y1"":479,""x2"":3303,""y2"":618},{""x1"":1864,""y1"":1,""x2"":2731,""y2"":328},{""x1"":1983,""y1"":628,""x2"":2829,""y2"":1141},{""x1"":873,""y1"":1093,""x2"":1074,""y2"":1180},{""x1"":2385,""y1"":886,""x2"":2646,""y2"":1243},{""x1"":2382,""y1"":883,""x2"":2568,""y2"":1249}]"
day3/members/klaus/11_0126.webp,"[{""x1"":1101,""y1"":444,""x2"":2931,""y2"":2160},{""x1"":2049,""y1"":144,""x2"":2229,""y2"":255},{""x1"":1113,""y1"":1176,""x2"":2979,""y2"":2151},{""x1"":0,""y1"":1,""x2"":405,""y2"":340}]","[{""x1"":1101,""y1"":444,""x2"":2931,""y2"":2160},{""x1"":2049,""y1"":144,""x2"":2229,""y2"":255}]","[{""x1"":1114,""y1"":511,""x2"":2836,""y2"":2160},{""x1"":2048,""y1"":144,""x2"":2232,""y2"":252},{""x1"":1278,""y1"":564,""x2"":2858,""y2"":1668},{""x1"":1130,""y1"":1158,""x2"":2812,""y2"":2160}]","[{""x1"":1107,""y1"":892,""x2"":2943,""y2"":2152},{""x1"":1185,""y1"":1155,""x2"":2784,""y2"":2151},{""x1"":1335,""y1"":867,""x2"":2832,""y2"":1685}]","[{""x1"":1101,""y1"":444,""x2"":2931,""y2"":2160},{""x1"":2049,""y1"":144,""x2"":2229,""y2"":255},{""x1"":1113,""y1"":1176,""x2"":2979,""y2"":2151},{""x1"":0,""y1"":1,""x2"":405,""y2"":340},{""x1"":1335,""y1"":867,""x2"":2832,""y2"":1685}]"
day3/members/cathal/11_0222.webp,"[{""x1"":3480,""y1"":1081,""x2"":3732,""y2"":1249},{""x1"":3204,""y1"":934,""x2"":3456,""y2"":1093},{""x1"":1197,""y1"":1044,""x2"":3039,""y2"":2130}]","[{""x1"":3480,""y1"":1081,""x2"":3732,""y2"":1249},{""x1"":3204,""y1"":934,""x2"":3456,""y2"":1093},{""x1"":1197,""y1"":1044,""x2"":3039,""y2"":2130}]","[{""x1"":1294,""y1"":1000,""x2"":3042,""y2"":2156},{""x1"":3208,""y1"":933,""x2"":3456,""y2"":1096}]","[{""x1"":1290,""y1"":980,""x2"":3108,""y2"":2128},{""x1"":3480,""y1"":1081,""x2"":3732,""y2"":1249}]","[{""x1"":3480,""y1"":1081,""x2"":3732,""y2"":1249},{""x1"":3204,""y1"":934,""x2"":3456,""y2"":1093},{""x1"":1197,""y1"":1044,""x2"":3039,""y2"":2130}]"
day3/members/klaus/11_0085.webp,"[{""x1"":935,""y1"":445,""x2"":2718,""y2"":2140},{""x1"":2628,""y1"":605,""x2"":2847,""y2"":747}]","[{""x1"":935,""y1"":445,""x2"":2718,""y2"":2140},{""x1"":2628,""y1"":605,""x2"":2847,""y2"":747}]","[{""x1"":996,""y1"":466,""x2"":2752,""y2"":2118}]","[{""x1"":938,""y1"":864,""x2"":2751,""y2"":2149},{""x1"":14,""y1"":953,""x2"":384,""y2"":1251},{""x1"":1122,""y1"":870,""x2"":2589,""y2"":1392}]","[{""x1"":935,""y1"":445,""x2"":2718,""y2"":2140},{""x1"":2628,""y1"":605,""x2"":2847,""y2"":747},{""x1"":14,""y1"":953,""x2"":384,""y2"":1251},{""x1"":1122,""y1"":870,""x2"":2589,""y2"":1392}]"
day3/members/tien/11_0629.webp,"[{""x1"":2626,""y1"":1270,""x2"":3636,""y2"":1855}]","[{""x1"":2626,""y1"":1270,""x2"":3636,""y2"":1855}]","[{""x1"":2620,""y1"":1264,""x2"":3644,""y2"":1852},{""x1"":3460,""y1"":1322,""x2"":3708,""y2"":1490}]","[{""x1"":2628,""y1"":1269,""x2"":3666,""y2"":1854}]","[{""x1"":2626,""y1"":1270,""x2"":3636,""y2"":1855}]"
day3/members/klaus/12_0549.webp,"[{""x1"":799,""y1"":931,""x2"":1284,""y2"":1560}]","[{""x1"":799,""y1"":931,""x2"":1284,""y2"":1560}]","[{""x1"":802,""y1"":937,""x2"":1266,""y2"":1575},{""x1"":803,""y1"":938,""x2"":1188,""y2"":1398}]","[{""x1"":796,""y1"":931,""x2"":1288,""y2"":1559}]","[{""x1"":799,""y1"":931,""x2"":1284,""y2"":1560}]"
day3/members/florian/12_0423.webp,[],[],[],[],[]
day3/members/cathal/12_0103.webp,"[{""x1"":754,""y1"":1239,""x2"":2136,""y2"":2145},{""x1"":963,""y1"":1188,""x2"":2784,""y2"":2136}]","[{""x1"":754,""y1"":1239,""x2"":2136,""y2"":2145},{""x1"":963,""y1"":1188,""x2"":2784,""y2"":2136}]","[{""x1"":634,""y1"":1186,""x2"":2780,""y2"":2140},{""x1"":752,""y1"":1244,""x2"":2392,""y2"":2148}]","[{""x1"":960,""y1"":1182,""x2"":2784,""y2"":2137},{""x1"":754,""y1"":1238,""x2"":2131,""y2"":2144},{""x1"":755,""y1"":1230,""x2"":2334,""y2"":2148}]","[{""x1"":754,""y1"":1239,""x2"":2136,""y2"":2145},{""x1"":963,""y1"":1188,""x2"":2784,""y2"":2136}]"
day3/members/onanong/12_0079.webp,"[{""x1"":2058,""y1"":1954,""x2"":2472,""y2"":2160},{""x1"":2928,""y1"":1102,""x2"":3840,""y2"":1597},{""x1"":2929,""y1"":1101,""x2"":3840,""y2"":1596}]","[{""x1"":2058,""y1"":1954,""x2"":2472,""y2"":2160},{""x1"":2928,""y1"":1102,""x2"":3840,""y2"":1597},{""x1"":2929,""y1"":1101,""x2"":3840,""y2"":1596}]","[{""x1"":2932,""y1"":1106,""x2"":3836,""y2"":1594},{""x1"":2044,""y1"":1954,""x2"":2484,""y2"":2160}]","[{""x1"":2058,""y1"":1954,""x2"":2460,""y2"":2160},{""x1"":2928,""y1"":1104,""x2"":3840,""y2"":1599},{""x1"":2925,""y1"":1102,""x2"":3837,""y2"":1597}]","[{""x1"":2058,""y1"":1954,""x2"":2472,""y2"":2160},{""x1"":2928,""y1"":1102,""x2"":3840,""y2"":1597},{""x1"":2929,""y1"":1101,""x2"":3840,""y2"":1596}]"
day3/members/florian/13_0155.webp,"[{""x1"":2140,""y1"":1215,""x2"":3010,""y2"":2040}]","[{""x1"":2140,""y1"":1215,""x2"":3010,""y2"":2040}]","[{""x1"":2128,""y1"":1180,""x2"":3032,""y2"":2056}]","[{""x1"":2127,""y1"":1209,""x2"":3018,""y2"":2046}]","[{""x1"":2140,""y1"":1215,""x2"":3010,""y2"":2040}]"
day3/members/florian/13_0715.webp,[],[],[],[],[]
day3/members/klaus/13_0050.webp,[],[],[],[],[]
day3/members/florian/13_0205.webp,[],[],[],[],[]
day3/members/stevan/14_0173.webp,"[{""x1"":1350,""y1"":1335,""x2"":2823,""y2"":2154},{""x1"":3564,""y1"":1476,""x2"":3840,""y2"":2136},{""x1"":1077,""y1"":1389,""x2"":2568,""y2"":2157}]","[{""x1"":1350,""y1"":1335,""x2"":2823,""y2"":2154}]","[{""x1"":1090,""y1"":1338,""x2"":2818,""y2"":2156},{""x1"":3564,""y1"":1480,""x2"":3840,""y2"":2132}]","[{""x1"":1344,""y1"":1335,""x2"":2823,""y2"":2154},{""x1"":3564,""y1"":1478,""x2"":3840,""y2"":2133}]","[{""x1"":1350,""y1"":1335,""x2"":2823,""y2"":2154},{""x1"":3564,""y1"":1476,""x2"":3840,""y2"":2136},{""x1"":1077,""y1"":1389,""x2"":2568,""y2"":2157}]"
day3/members/stevan/14_0466.webp,"[{""x1"":1099,""y1"":1722,""x2"":2770,""y2"":2160},{""x1"":3570,""y1"":1767,""x2"":3840,""y2"":2148}]","[{""x1"":1099,""y1"":1722,""x2"":2770,""y2"":2160},{""x1"":3570,""y1"":1767,""x2"":3840,""y2"":2148}]","[{""x1"":1146,""y1"":1724,""x2"":2776,""y2"":2160},{""x1"":3568,""y1"":1764,""x2"":3840,""y2"":2150}]","[{""x1"":1152,""y1"":1720,""x2"":2772,""y2"":2158},{""x1"":3570,""y1"":1768,""x2"":3840,""y2"":2149}]","[{""x1"":1099,""y1"":1722,""x2"":2770,""y2"":2160},{""x1"":3570,""y1"":1767,""x2"":3840,""y2"":2148}]"
day3/members/stevan/14_0592.webp,"[{""x1"":1345,""y1"":1530,""x2"":2776,""y2"":2157},{""x1"":3540,""y1"":1611,""x2"":3840,""y2"":2145}]","[{""x1"":1345,""y1"":1530,""x2"":2776,""y2"":2157},{""x1"":3540,""y1"":1611,""x2"":3840,""y2"":2145}]","[{""x1"":1122,""y1"":1530,""x2"":2782,""y2"":2150}]","[{""x1"":1335,""y1"":1530,""x2"":2781,""y2"":2156},{""x1"":3540,""y1"":1609,""x2"":3840,""y2"":2146}]","[{""x1"":1345,""y1"":1530,""x2"":2776,""y2"":2157},{""x1"":3540,""y1"":1611,""x2"":3840,""y2"":2145}]"
day3/members/stevan/14_0340.webp,"[{""x1"":1349,""y1"":1686,""x2"":2844,""y2"":2157},{""x1"":3624,""y1"":1732,""x2"":3840,""y2"":2146}]","[{""x1"":1349,""y1"":1686,""x2"":2844,""y2"":2157}]","[{""x1"":1250,""y1"":1688,""x2"":2842,""y2"":2156},{""x1"":3616,""y1"":1732,""x2"":3840,""y2"":2150},{""x1"":1284,""y1"":1884,""x2"":2562,""y2"":2160}]","[{""x1"":1339,""y1"":1687,""x2"":2845,""y2"":2158},{""x1"":3624,""y1"":1731,""x2"":3840,""y2"":2148}]","[{""x1"":1349,""y1"":1686,""x2"":2844,""y2"":2157},{""x1"":3624,""y1"":1732,""x2"":3840,""y2"":2146}]"
day3/members/onanong/15_0248.webp,"[{""x1"":1845,""y1"":1120,""x2"":2289,""y2"":2008}]","[{""x1"":1845,""y1"":1120,""x2"":2289,""y2"":2008}]","[{""x1"":1852,""y1"":1122,""x2"":2284,""y2"":2006}]","[{""x1"":1848,""y1"":1122,""x2"":2289,""y2"":2007}]","[{""x1"":1845,""y1"":1120,""x2"":2289,""y2"":2008}]"
day3/members/allie/15_0629.webp,"[{""x1"":0,""y1"":5,""x2"":543,""y2"":458},{""x1"":2451,""y1"":1050,""x2"":3840,""y2"":2142},{""x1"":748,""y1"":1611,""x2"":868,""y2"":1827}]","[{""x1"":0,""y1"":5,""x2"":543,""y2"":458},{""x1"":2451,""y1"":1050,""x2"":3840,""y2"":2142}]","[{""x1"":2452,""y1"":1042,""x2"":3836,""y2"":2138},{""x1"":1,""y1"":0,""x2"":642,""y2"":462}]","[{""x1"":2451,""y1"":1043,""x2"":3840,""y2"":2144},{""x1"":3204,""y1"":1212,""x2"":3672,""y2"":2097}]","[{""x1"":0,""y1"":5,""x2"":543,""y2"":458},{""x1"":2451,""y1"":1050,""x2"":3840,""y2"":2142},{""x1"":748,""y1"":1611,""x2"":868,""y2"":1827},{""x1"":3204,""y1"":1212,""x2"":3672,""y2"":2097}]"
day3/members/tien/15_0056.webp,[],[],"[{""x1"":2374,""y1"":1678,""x2"":2558,""y2"":1858}]",[],[]
day3/members/cathal/15_0532.webp,"[{""x1"":2442,""y1"":728,""x2"":3234,""y2"":1337}]","[{""x1"":2442,""y1"":728,""x2"":3234,""y2"":1337}]","[{""x1"":2448,""y1"":731,""x2"":3232,""y2"":1328}]","[{""x1"":2448,""y1"":864,""x2"":3231,""y2"":1336}]","[{""x1"":2442,""y1"":728,""x2"":3234,""y2"":1337}]"
day3/members/allie/16_0001.webp,"[{""x1"":1551,""y1"":1206,""x2"":2937,""y2"":2148}]","[{""x1"":1551,""y1"":1206,""x2"":2937,""y2"":2148}]","[{""x1"":1551,""y1"":1204,""x2"":2680,""y2"":2148}]","[{""x1"":1549,""y1"":1209,""x2"":2932,""y2"":2148}]","[{""x1"":1551,""y1"":1206,""x2"":2937,""y2"":2148}]"
day3/members/allie/16_0285.webp,[],[],"[{""x1"":1500,""y1"":1052,""x2"":2912,""y2"":2160}]",[],[]
day3/members/allie/16_0332.webp,"[{""x1"":1818,""y1"":1368,""x2"":3042,""y2"":2148}]","[{""x1"":1818,""y1"":1368,""x2"":3042,""y2"":2148}]",[],"[{""x1"":1818,""y1"":1368,""x2"":3042,""y2"":2148}]","[{""x1"":1818,""y1"":1368,""x2"":3042,""y2"":2148}]"
day3/members/allie/16_0190.webp,"[{""x1"":1944,""y1"":1497,""x2"":3078,""y2"":2148},{""x1"":0,""y1"":671,""x2"":363,""y2"":1101}]","[{""x1"":1944,""y1"":1497,""x2"":3078,""y2"":2148}]",[],"[{""x1"":1944,""y1"":1495,""x2"":3075,""y2"":2148}]","[{""x1"":1944,""y1"":1497,""x2"":3078,""y2"":2148},{""x1"":0,""y1"":671,""x2"":363,""y2"":1101}]"
day3/members/werner/17_0281.webp,"[{""x1"":1788,""y1"":621,""x2"":1977,""y2"":801}]",[],"[{""x1"":1781,""y1"":618,""x2"":1989,""y2"":804}]",[],"[{""x1"":1788,""y1"":621,""x2"":1977,""y2"":801}]"
day3/members/tien/17_0068.webp,"[{""x1"":309,""y1"":1489,""x2"":729,""y2"":1876},{""x1"":312,""y1"":1488,""x2"":720,""y2"":1785},{""x1"":757,""y1"":1654,""x2"":856,""y2"":1780},{""x1"":2835,""y1"":561,""x2"":3021,""y2"":833}]","[{""x1"":309,""y1"":1489,""x2"":729,""y2"":1876},{""x1"":312,""y1"":1488,""x2"":720,""y2"":1785}]","[{""x1"":312,""y1"":1484,""x2"":734,""y2"":1876},{""x1"":751,""y1"":1650,""x2"":857,""y2"":1778}]","[{""x1"":309,""y1"":1489,""x2"":729,""y2"":1876},{""x1"":757,""y1"":1654,""x2"":856,""y2"":1780},{""x1"":312,""y1"":1487,""x2"":720,""y2"":1784}]","[{""x1"":309,""y1"":1489,""x2"":729,""y2"":1876},{""x1"":312,""y1"":1488,""x2"":720,""y2"":1785},{""x1"":757,""y1"":1654,""x2"":856,""y2"":1780},{""x1"":2835,""y1"":561,""x2"":3021,""y2"":833}]"
day3/members/onanong/17_0461.webp,"[{""x1"":1363,""y1"":1380,""x2"":1597,""y2"":1554},{""x1"":2050,""y1"":1858,""x2"":2161,""y2"":1993}]","[{""x1"":1363,""y1"":1380,""x2"":1597,""y2"":1554}]","[{""x1"":1360,""y1"":1380,""x2"":1600,""y2"":1548}]","[{""x1"":1363,""y1"":1380,""x2"":1597,""y2"":1550}]","[{""x1"":1363,""y1"":1380,""x2"":1597,""y2"":1554},{""x1"":2050,""y1"":1858,""x2"":2161,""y2"":1993}]"
day3/members/allie/17_0539.webp,"[{""x1"":2004,""y1"":1261,""x2"":2760,""y2"":1717}]","[{""x1"":2004,""y1"":1261,""x2"":2760,""y2"":1717}]","[{""x1"":2008,""y1"":1258,""x2"":2760,""y2"":1720}]","[{""x1"":2004,""y1"":1261,""x2"":2760,""y2"":1717}]","[{""x1"":2004,""y1"":1261,""x2"":2760,""y2"":1717}]"
day3/members/cathal/18_0312.webp,"[{""x1"":1312,""y1"":829,""x2"":3004,""y2"":2151},{""x1"":2613,""y1"":399,""x2"":2697,""y2"":444},{""x1"":925,""y1"":1830,""x2"":1303,""y2"":2157}]","[{""x1"":1312,""y1"":829,""x2"":3004,""y2"":2151},{""x1"":2613,""y1"":399,""x2"":2697,""y2"":444},{""x1"":925,""y1"":1830,""x2"":1303,""y2"":2157}]","[{""x1"":1309,""y1"":820,""x2"":2980,""y2"":2160},{""x1"":2616,""y1"":399,""x2"":2704,""y2"":475}]","[{""x1"":1345,""y1"":870,""x2"":3007,""y2"":2155}]","[{""x1"":1312,""y1"":829,""x2"":3004,""y2"":2151},{""x1"":2613,""y1"":399,""x2"":2697,""y2"":444},{""x1"":925,""y1"":1830,""x2"":1303,""y2"":2157}]"
day3/members/onanong/18_0537.webp,[],[],[],[],[]
day3/members/onanong/18_0453.webp,"[{""x1"":1836,""y1"":1444,""x2"":2937,""y2"":2149},{""x1"":1557,""y1"":1465,""x2"":1689,""y2"":1510}]","[{""x1"":1836,""y1"":1444,""x2"":2937,""y2"":2149},{""x1"":1557,""y1"":1465,""x2"":1689,""y2"":1510}]","[{""x1"":1832,""y1"":1440,""x2"":2932,""y2"":2160},{""x1"":1560,""y1"":1464,""x2"":1688,""y2"":1512}]","[{""x1"":1836,""y1"":1444,""x2"":2937,""y2"":2149},{""x1"":1557,""y1"":1464,""x2"":1689,""y2"":1511}]","[{""x1"":1836,""y1"":1444,""x2"":2937,""y2"":2149},{""x1"":1557,""y1"":1465,""x2"":1689,""y2"":1510}]"
day3/members/onanong/18_0711.webp,[],[],"[{""x1"":3196,""y1"":0,""x2"":3472,""y2"":102}]",[],[]
day3/members/klaus/19_0688.webp,"[{""x1"":1704,""y1"":1569,""x2"":2550,""y2"":1968},{""x1"":2301,""y1"":75,""x2"":2460,""y2"":226},{""x1"":0,""y1"":144,""x2"":520,""y2"":642}]","[{""x1"":1704,""y1"":1569,""x2"":2550,""y2"":1968}]","[{""x1"":1710,""y1"":1568,""x2"":2550,""y2"":1972},{""x1"":2300,""y1"":68,""x2"":2468,""y2"":224},{""x1"":0,""y1"":143,""x2"":519,""y2"":641}]","[{""x1"":1707,""y1"":1568,""x2"":2553,""y2"":1965}]","[{""x1"":1704,""y1"":1569,""x2"":2550,""y2"":1968},{""x1"":2301,""y1"":75,""x2"":2460,""y2"":226},{""x1"":0,""y1"":144,""x2"":520,""y2"":642}]"
day3/members/tien/19_0011.webp,"[{""x1"":1587,""y1"":5,""x2"":2415,""y2"":747}]","[{""x1"":1587,""y1"":5,""x2"":2415,""y2"":747}]","[{""x1"":1588,""y1"":0,""x2"":2422,""y2"":753}]",[],"[{""x1"":1587,""y1"":5,""x2"":2415,""y2"":747}]"
day3/members/cathal/19_0118.webp,"[{""x1"":3246,""y1"":662,""x2"":3666,""y2"":1181},{""x1"":2928,""y1"":9,""x2"":3840,""y2"":747}]","[{""x1"":3246,""y1"":662,""x2"":3666,""y2"":1181},{""x1"":2928,""y1"":9,""x2"":3840,""y2"":747}]","[{""x1"":2932,""y1"":5,""x2"":3836,""y2"":751},{""x1"":3244,""y1"":660,""x2"":3680,""y2"":1176}]","[{""x1"":3243,""y1"":873,""x2"":3669,""y2"":1180}]","[{""x1"":3246,""y1"":662,""x2"":3666,""y2"":1181},{""x1"":2928,""y1"":9,""x2"":3840,""y2"":747}]"
day3/members/onanong/19_0470.webp,"[{""x1"":1306,""y1"":1175,""x2"":2341,""y2"":2154},{""x1"":3003,""y1"":1360,""x2"":3375,""y2"":1609},{""x1"":2487,""y1"":1689,""x2"":2760,""y2"":2037},{""x1"":1818,""y1"":835,""x2"":2136,""y2"":1137},{""x1"":1,""y1"":1788,""x2"":442,""y2"":2160}]","[{""x1"":1306,""y1"":1175,""x2"":2341,""y2"":2154},{""x1"":3003,""y1"":1360,""x2"":3375,""y2"":1609},{""x1"":2487,""y1"":1689,""x2"":2760,""y2"":2037},{""x1"":1818,""y1"":835,""x2"":2136,""y2"":1137}]","[{""x1"":1302,""y1"":1178,""x2"":2346,""y2"":2160},{""x1"":3016,""y1"":1367,""x2"":3376,""y2"":1609},{""x1"":2490,""y1"":1686,""x2"":2762,""y2"":2038}]","[{""x1"":1302,""y1"":1179,""x2"":2346,""y2"":2148},{""x1"":3007,""y1"":1361,""x2"":3378,""y2"":1604},{""x1"":2484,""y1"":1690,""x2"":2760,""y2"":2038},{""x1"":2269,""y1"":871,""x2"":2908,""y2"":1404},{""x1"":1,""y1"":1791,""x2"":441,""y2"":2158}]","[{""x1"":1306,""y1"":1175,""x2"":2341,""y2"":2154},{""x1"":3003,""y1"":1360,""x2"":3375,""y2"":1609},{""x1"":2487,""y1"":1689,""x2"":2760,""y2"":2037},{""x1"":1818,""y1"":835,""x2"":2136,""y2"":1137},{""x1"":1,""y1"":1788,""x2"":442,""y2"":2160},{""x1"":2269,""y1"":871,""x2"":2908,""y2"":1404}]"
day3/members/cathal/20_0075.webp,"[{""x1"":1644,""y1"":1200,""x2"":2898,""y2"":2154},{""x1"":1356,""y1"":198,""x2"":1699,""y2"":566},{""x1"":225,""y1"":1534,""x2"":350,""y2"":1600},{""x1"":1108,""y1"":1518,""x2"":1257,""y2"":1584},{""x1"":229,""y1"":1548,""x2"":393,""y2"":1644}]","[{""x1"":1644,""y1"":1200,""x2"":2898,""y2"":2154},{""x1"":1356,""y1"":198,""x2"":1699,""y2"":566},{""x1"":225,""y1"":1534,""x2"":350,""y2"":1600}]","[{""x1"":1645,""y1"":1210,""x2"":2900,""y2"":2160},{""x1"":1356,""y1"":198,""x2"":1696,""y2"":570},{""x1"":222,""y1"":1528,""x2"":374,""y2"":1636},{""x1"":1952,""y1"":518,""x2"":2492,""y2"":876},{""x1"":223,""y1"":1526,""x2"":349,""y2"":1594}]","[{""x1"":1642,""y1"":1201,""x2"":2896,""y2"":2152},{""x1"":1900,""y1"":867,""x2"":2584,""y2"":1219},{""x1"":435,""y1"":1887,""x2"":859,""y2"":2151},{""x1"":1102,""y1"":1516,""x2"":1258,""y2"":1585},{""x1"":221,""y1"":1534,""x2"":351,""y2"":1600}]","[{""x1"":1644,""y1"":1200,""x2"":2898,""y2"":2154},{""x1"":1356,""y1"":198,""x2"":1699,""y2"":566},{""x1"":225,""y1"":1534,""x2"":350,""y2"":1600},{""x1"":1108,""y1"":1518,""x2"":1257,""y2"":1584},{""x1"":229,""y1"":1548,""x2"":393,""y2"":1644},{""x1"":1900,""y1"":867,""x2"":2584,""y2"":1219},{""x1"":435,""y1"":1887,""x2"":859,""y2"":2151}]"
day3/members/cathal/20_0121.webp,"[{""x1"":1830,""y1"":1086,""x2"":3150,""y2"":2151},{""x1"":503,""y1"":1437,""x2"":618,""y2"":1497},{""x1"":498,""y1"":1435,""x2"":668,""y2"":1533},{""x1"":521,""y1"":1464,""x2"":669,""y2"":1534}]","[{""x1"":1830,""y1"":1086,""x2"":3150,""y2"":2151},{""x1"":503,""y1"":1437,""x2"":618,""y2"":1497},{""x1"":498,""y1"":1435,""x2"":668,""y2"":1533}]","[{""x1"":1836,""y1"":1078,""x2"":3156,""y2"":2160},{""x1"":498,""y1"":1429,""x2"":665,""y2"":1531},{""x1"":495,""y1"":1426,""x2"":629,""y2"":1510}]","[{""x1"":1830,""y1"":1090,""x2"":3150,""y2"":2151},{""x1"":500,""y1"":1436,""x2"":618,""y2"":1497},{""x1"":498,""y1"":1437,""x2"":668,""y2"":1534},{""x1"":2097,""y1"":869,""x2"":2811,""y2"":1112}]","[{""x1"":1830,""y1"":1086,""x2"":3150,""y2"":2151},{""x1"":503,""y1"":1437,""x2"":618,""y2"":1497},{""x1"":498,""y1"":1435,""x2"":668,""y2"":1533},{""x1"":521,""y1"":1464,""x2"":669,""y2"":1534},{""x1"":2097,""y1"":869,""x2"":2811,""y2"":1112}]"
day3/members/florian/20_0618.webp,"[{""x1"":482,""y1"":368,""x2"":643,""y2"":542}]","[{""x1"":482,""y1"":368,""x2"":643,""y2"":542}]","[{""x1"":483,""y1"":368,""x2"":641,""y2"":542}]",[],"[{""x1"":482,""y1"":368,""x2"":643,""y2"":542}]"
day3/members/florian/20_0568.webp,[],[],[],[],[]
day3/members/luca/08_0665.webp,[],[],[],[],[]
day3/members/tien/08_0537.webp,"[{""x1"":1540,""y1"":567,""x2"":1735,""y2"":815}]","[{""x1"":1540,""y1"":567,""x2"":1735,""y2"":815}]","[{""x1"":3520,""y1"":846,""x2"":3840,""y2"":1426},{""x1"":1538,""y1"":569,""x2"":1738,""y2"":813}]",[],"[{""x1"":1540,""y1"":567,""x2"":1735,""y2"":815}]"
day3/members/klaus/08_0715.webp,[],[],[],[],[]
day3/members/allie/08_0136.webp,"[{""x1"":1329,""y1"":915,""x2"":2775,""y2"":2139},{""x1"":3141,""y1"":1578,""x2"":3255,""y2"":1653},{""x1"":3240,""y1"":1150,""x2"":3774,""y2"":1557}]","[{""x1"":1329,""y1"":915,""x2"":2775,""y2"":2139},{""x1"":3141,""y1"":1578,""x2"":3255,""y2"":1653},{""x1"":3240,""y1"":1150,""x2"":3774,""y2"":1557}]","[{""x1"":1379,""y1"":931,""x2"":2788,""y2"":2160},{""x1"":3238,""y1"":1152,""x2"":3770,""y2"":1556},{""x1"":2732,""y1"":845,""x2"":3012,""y2"":1108}]","[{""x1"":1376,""y1"":943,""x2"":2769,""y2"":2145},{""x1"":3,""y1"":871,""x2"":1207,""y2"":2145},{""x1"":3144,""y1"":1578,""x2"":3252,""y2"":1652},{""x1"":3234,""y1"":1150,""x2"":3774,""y2"":1564}]","[{""x1"":1329,""y1"":915,""x2"":2775,""y2"":2139},{""x1"":3141,""y1"":1578,""x2"":3255,""y2"":1653},{""x1"":3240,""y1"":1150,""x2"":3774,""y2"":1557},{""x1"":3,""y1"":871,""x2"":1207,""y2"":2145}]"
day3/members/allie/09_0560.webp,"[{""x1"":3303,""y1"":1593,""x2"":3585,""y2"":1878}]","[{""x1"":3303,""y1"":1593,""x2"":3585,""y2"":1878}]","[{""x1"":3308,""y1"":1599,""x2"":3588,""y2"":1875}]","[{""x1"":3303,""y1"":1593,""x2"":3585,""y2"":1878}]","[{""x1"":3303,""y1"":1593,""x2"":3585,""y2"":1878}]"
day3/members/luca/09_0095.webp,[],[],[],[],[]
day3/members/cathal/09_0670.webp,"[{""x1"":3168,""y1"":248,""x2"":3840,""y2"":789},{""x1"":2547,""y1"":520,""x2"":3240,""y2"":1204},{""x1"":1948,""y1"":1686,""x2"":2038,""y2"":1791}]","[{""x1"":3168,""y1"":248,""x2"":3840,""y2"":789},{""x1"":2547,""y1"":520,""x2"":3240,""y2"":1204},{""x1"":1948,""y1"":1686,""x2"":2038,""y2"":1791}]","[{""x1"":1948,""y1"":1687,""x2"":2040,""y2"":1791},{""x1"":3164,""y1"":229,""x2"":3836,""y2"":786},{""x1"":2508,""y1"":179,""x2"":2900,""y2"":600},{""x1"":1906,""y1"":867,""x2"":2010,""y2"":1006}]","[{""x1"":1948,""y1"":1686,""x2"":2038,""y2"":1791},{""x1"":1791,""y1"":1242,""x2"":2142,""y2"":1853}]","[{""x1"":3168,""y1"":248,""x2"":3840,""y2"":789},{""x1"":2547,""y1"":520,""x2"":3240,""y2"":1204},{""x1"":1948,""y1"":1686,""x2"":2038,""y2"":1791},{""x1"":1791,""y1"":1242,""x2"":2142,""y2"":1853}]"
day3/members/luca/09_0146.webp,[],[],[],[],[]
day4/members/onanong/10_0147.webp,[],[],[],[],[]
day4/members/cathal/10_0072.webp,"[{""x1"":2118,""y1"":1728,""x2"":2502,""y2"":2151}]","[{""x1"":2118,""y1"":1728,""x2"":2502,""y2"":2151}]","[{""x1"":2102,""y1"":1724,""x2"":2498,""y2"":2160}]","[{""x1"":2118,""y1"":1726,""x2"":2505,""y2"":2152}]","[{""x1"":2118,""y1"":1728,""x2"":2502,""y2"":2151}]"
day4/members/klaus/10_0242.webp,[],[],[],[],[]
day4/members/florian/10_0522.webp,[],[],[],[],[]
day4/members/onanong/11_0304.webp,"[{""x1"":829,""y1"":946,""x2"":1909,""y2"":2002},{""x1"":8,""y1"":640,""x2"":90,""y2"":769}]","[{""x1"":829,""y1"":946,""x2"":1909,""y2"":2002}]","[{""x1"":819,""y1"":964,""x2"":1908,""y2"":1992}]","[{""x1"":828,""y1"":946,""x2"":1909,""y2"":1999}]","[{""x1"":829,""y1"":946,""x2"":1909,""y2"":2002},{""x1"":8,""y1"":640,""x2"":90,""y2"":769}]"
day4/members/onanong/11_0222.webp,"[{""x1"":315,""y1"":945,""x2"":1515,""y2"":2046}]","[{""x1"":315,""y1"":945,""x2"":1515,""y2"":2046}]","[{""x1"":321,""y1"":947,""x2"":1502,""y2"":2035}]","[{""x1"":315,""y1"":943,""x2"":1515,""y2"":2047}]","[{""x1"":315,""y1"":945,""x2"":1515,""y2"":2046}]"
day4/members/florian/11_0697.webp,[],[],[],[],[]
day4/members/onanong/11_0715.webp,"[{""x1"":1002,""y1"":1242,""x2"":2031,""y2"":2151}]","[{""x1"":1002,""y1"":1242,""x2"":2031,""y2"":2151}]","[{""x1"":1001,""y1"":1240,""x2"":2045,""y2"":2156}]","[{""x1"":1005,""y1"":1241,""x2"":2031,""y2"":2151}]","[{""x1"":1002,""y1"":1242,""x2"":2031,""y2"":2151}]"
day4/members/werner/12_0174.webp,"[{""x1"":3066,""y1"":1428,""x2"":3348,""y2"":1695},{""x1"":1511,""y1"":1836,""x2"":1692,""y2"":2157},{""x1"":2307,""y1"":1167,""x2"":2562,""y2"":1326}]","[{""x1"":3066,""y1"":1428,""x2"":3348,""y2"":1695},{""x1"":1511,""y1"":1836,""x2"":1692,""y2"":2157},{""x1"":2307,""y1"":1167,""x2"":2562,""y2"":1326}]","[{""x1"":3072,""y1"":1427,""x2"":3344,""y2"":1695},{""x1"":1518,""y1"":1836,""x2"":1690,""y2"":2156},{""x1"":1236,""y1"":1982,""x2"":1452,""y2"":2160}]","[{""x1"":3061,""y1"":1427,""x2"":3348,""y2"":1694},{""x1"":1510,""y1"":1836,""x2"":1693,""y2"":2157},{""x1"":2307,""y1"":1166,""x2"":2562,""y2"":1327}]","[{""x1"":3066,""y1"":1428,""x2"":3348,""y2"":1695},{""x1"":1511,""y1"":1836,""x2"":1692,""y2"":2157},{""x1"":2307,""y1"":1167,""x2"":2562,""y2"":1326}]"
day4/members/florian/12_0410.webp,"[{""x1"":2073,""y1"":562,""x2"":2331,""y2"":762},{""x1"":3306,""y1"":1167,""x2"":3402,""y2"":1200}]","[{""x1"":2073,""y1"":562,""x2"":2331,""y2"":762},{""x1"":3306,""y1"":1167,""x2"":3402,""y2"":1200}]",[],"[{""x1"":3306,""y1"":1168,""x2"":3402,""y2"":1201}]","[{""x1"":2073,""y1"":562,""x2"":2331,""y2"":762},{""x1"":3306,""y1"":1167,""x2"":3402,""y2"":1200}]"
day4/members/stevan/12_0319.webp,[],[],[],[],[]
day4/members/allie/12_0597.webp,[],[],[],[],[]
day4/members/florian/13_0556.webp,"[{""x1"":1437,""y1"":676,""x2"":2949,""y2"":2127}]","[{""x1"":1437,""y1"":676,""x2"":2949,""y2"":2127}]","[{""x1"":1371,""y1"":678,""x2"":2884,""y2"":2122}]","[{""x1"":1411,""y1"":864,""x2"":2869,""y2"":2135}]","[{""x1"":1437,""y1"":676,""x2"":2949,""y2"":2127}]"
day4/members/florian/13_0095.webp,"[{""x1"":900,""y1"":774,""x2"":2133,""y2"":2112}]","[{""x1"":900,""y1"":774,""x2"":2133,""y2"":2112}]","[{""x1"":890,""y1"":762,""x2"":2132,""y2"":2108}]","[{""x1"":901,""y1"":865,""x2"":2130,""y2"":2118}]","[{""x1"":900,""y1"":774,""x2"":2133,""y2"":2112}]"
day4/members/florian/13_0637.webp,"[{""x1"":15,""y1"":962,""x2"":1461,""y2"":2145},{""x1"":1,""y1"":975,""x2"":1185,""y2"":1884},{""x1"":3216,""y1"":15,""x2"":3768,""y2"":528}]","[{""x1"":15,""y1"":962,""x2"":1461,""y2"":2145},{""x1"":1,""y1"":975,""x2"":1185,""y2"":1884},{""x1"":3216,""y1"":15,""x2"":3768,""y2"":528}]","[{""x1"":14,""y1"":962,""x2"":1460,""y2"":2152},{""x1"":3246,""y1"":22,""x2"":3774,""y2"":534},{""x1"":1,""y1"":971,""x2"":1224,""y2"":1885}]","[{""x1"":16,""y1"":963,""x2"":1464,""y2"":2146},{""x1"":5,""y1"":976,""x2"":1189,""y2"":1878}]","[{""x1"":15,""y1"":962,""x2"":1461,""y2"":2145},{""x1"":1,""y1"":975,""x2"":1185,""y2"":1884},{""x1"":3216,""y1"":15,""x2"":3768,""y2"":528}]"
day4/members/florian/13_0312.webp,"[{""x1"":1203,""y1"":817,""x2"":2379,""y2"":2131}]","[{""x1"":1203,""y1"":817,""x2"":2379,""y2"":2131}]","[{""x1"":1212,""y1"":812,""x2"":2384,""y2"":2122},{""x1"":2644,""y1"":1051,""x2"":2932,""y2"":1201}]","[{""x1"":1206,""y1"":866,""x2"":2379,""y2"":2130}]","[{""x1"":1203,""y1"":817,""x2"":2379,""y2"":2131}]"
day4/members/luca/14_0676.webp,"[{""x1"":852,""y1"":855,""x2"":2685,""y2"":2019}]","[{""x1"":852,""y1"":855,""x2"":2685,""y2"":2019}]","[{""x1"":822,""y1"":847,""x2"":2720,""y2"":1989},{""x1"":3236,""y1"":1942,""x2"":3704,""y2"":2160}]","[{""x1"":826,""y1"":910,""x2"":2572,""y2"":1999},{""x1"":2670,""y1"":871,""x2"":3516,""y2"":1771}]","[{""x1"":852,""y1"":855,""x2"":2685,""y2"":2019},{""x1"":2670,""y1"":871,""x2"":3516,""y2"":1771}]"
day4/members/luca/14_0716.webp,"[{""x1"":830,""y1"":951,""x2"":2505,""y2"":2047},{""x1"":3432,""y1"":1224,""x2"":3840,""y2"":2082}]","[{""x1"":830,""y1"":951,""x2"":2505,""y2"":2047}]","[{""x1"":838,""y1"":896,""x2"":2700,""y2"":2038},{""x1"":3440,""y1"":1230,""x2"":3840,""y2"":2074}]","[{""x1"":831,""y1"":954,""x2"":2502,""y2"":2049},{""x1"":0,""y1"":866,""x2"":1036,""y2"":2073}]","[{""x1"":830,""y1"":951,""x2"":2505,""y2"":2047},{""x1"":3432,""y1"":1224,""x2"":3840,""y2"":2082},{""x1"":0,""y1"":866,""x2"":1036,""y2"":2073}]"
day4/members/luca/14_0595.webp,"[{""x1"":997,""y1"":1277,""x2"":2371,""y2"":2148},{""x1"":301,""y1"":1302,""x2"":2419,""y2"":2151},{""x1"":3132,""y1"":1542,""x2"":3840,""y2"":2145}]","[{""x1"":997,""y1"":1277,""x2"":2371,""y2"":2148},{""x1"":301,""y1"":1302,""x2"":2419,""y2"":2151},{""x1"":3132,""y1"":1542,""x2"":3840,""y2"":2145}]","[{""x1"":368,""y1"":1280,""x2"":2364,""y2"":2160},{""x1"":3132,""y1"":1544,""x2"":3836,""y2"":2146}]","[{""x1"":1002,""y1"":1272,""x2"":2370,""y2"":2153},{""x1"":294,""y1"":1302,""x2"":2433,""y2"":2151},{""x1"":3132,""y1"":1540,""x2"":3840,""y2"":2146}]","[{""x1"":997,""y1"":1277,""x2"":2371,""y2"":2148},{""x1"":301,""y1"":1302,""x2"":2419,""y2"":2151},{""x1"":3132,""y1"":1542,""x2"":3840,""y2"":2145}]"
day4/members/florian/14_0275.webp,"[{""x1"":946,""y1"":867,""x2"":2278,""y2"":2151}]","[{""x1"":946,""y1"":867,""x2"":2278,""y2"":2151}]","[{""x1"":960,""y1"":862,""x2"":2276,""y2"":2132}]","[{""x1"":951,""y1"":871,""x2"":2283,""y2"":2154}]","[{""x1"":946,""y1"":867,""x2"":2278,""y2"":2151}]"
day4/members/luca/15_0035.webp,"[{""x1"":957,""y1"":867,""x2"":2664,""y2"":1966},{""x1"":3546,""y1"":1188,""x2"":3840,""y2"":1983}]","[{""x1"":957,""y1"":867,""x2"":2664,""y2"":1966}]","[{""x1"":956,""y1"":830,""x2"":2814,""y2"":1976},{""x1"":6,""y1"":0,""x2"":2536,""y2"":2092}]","[{""x1"":957,""y1"":886,""x2"":2643,""y2"":1968},{""x1"":0,""y1"":866,""x2"":1163,""y2"":2031},{""x1"":3540,""y1"":1188,""x2"":3840,""y2"":1986}]","[{""x1"":957,""y1"":867,""x2"":2664,""y2"":1966},{""x1"":3546,""y1"":1188,""x2"":3840,""y2"":1983},{""x1"":0,""y1"":866,""x2"":1163,""y2"":2031}]"
day4/members/luca/15_0156.webp,"[{""x1"":954,""y1"":1081,""x2"":2757,""y2"":2137},{""x1"":1018,""y1"":1067,""x2"":2743,""y2"":2136}]","[{""x1"":954,""y1"":1081,""x2"":2757,""y2"":2137}]","[{""x1"":960,""y1"":1074,""x2"":2734,""y2"":2158},{""x1"":954,""y1"":1080,""x2"":2754,""y2"":2160},{""x1"":3504,""y1"":1326,""x2"":3840,""y2"":2122},{""x1"":3504,""y1"":1326,""x2"":3840,""y2"":2118}]","[{""x1"":964,""y1"":1098,""x2"":2722,""y2"":2139},{""x1"":1605,""y1"":991,""x2"":3840,""y2"":2149},{""x1"":1018,""y1"":1066,""x2"":2743,""y2"":2136}]","[{""x1"":954,""y1"":1081,""x2"":2757,""y2"":2137},{""x1"":1018,""y1"":1067,""x2"":2743,""y2"":2136},{""x1"":1605,""y1"":991,""x2"":3840,""y2"":2149}]"
day4/members/allie/15_0359.webp,"[{""x1"":3690,""y1"":1050,""x2"":3840,""y2"":1488},{""x1"":859,""y1"":1261,""x2"":1138,""y2"":1513},{""x1"":2184,""y1"":1066,""x2"":3006,""y2"":1800},{""x1"":2209,""y1"":1893,""x2"":2758,""y2"":2157}]","[{""x1"":3690,""y1"":1050,""x2"":3840,""y2"":1488},{""x1"":859,""y1"":1261,""x2"":1138,""y2"":1513},{""x1"":2184,""y1"":1066,""x2"":3006,""y2"":1800}]","[{""x1"":3688,""y1"":1041,""x2"":3840,""y2"":1497},{""x1"":846,""y1"":1256,""x2"":1139,""y2"":1512},{""x1"":2168,""y1"":1074,""x2"":3004,""y2"":1864}]","[{""x1"":3690,""y1"":1050,""x2"":3840,""y2"":1488},{""x1"":861,""y1"":1257,""x2"":1138,""y2"":1512},{""x1"":2184,""y1"":1068,""x2"":3006,""y2"":1783},{""x1"":3612,""y1"":1960,""x2"":3840,""y2"":2127},{""x1"":2209,""y1"":1892,""x2"":2767,""y2"":2157}]","[{""x1"":3690,""y1"":1050,""x2"":3840,""y2"":1488},{""x1"":859,""y1"":1261,""x2"":1138,""y2"":1513},{""x1"":2184,""y1"":1066,""x2"":3006,""y2"":1800},{""x1"":2209,""y1"":1893,""x2"":2758,""y2"":2157},{""x1"":3612,""y1"":1960,""x2"":3840,""y2"":2127}]"
day4/members/luca/15_0400.webp,[],[],[],[],[]
day4/members/cathal/17_0690.webp,[],[],[],[],[]
day4/members/cathal/17_0491.webp,[],[],[],[],[]
day4/members/cathal/18_0491.webp,"[{""x1"":1944,""y1"":450,""x2"":2526,""y2"":900},{""x1"":1311,""y1"":304,""x2"":1696,""y2"":691},{""x1"":2634,""y1"":196,""x2"":3012,""y2"":703}]","[{""x1"":1944,""y1"":450,""x2"":2526,""y2"":900},{""x1"":1311,""y1"":304,""x2"":1696,""y2"":691}]","[{""x1"":1942,""y1"":447,""x2"":2522,""y2"":914},{""x1"":1312,""y1"":301,""x2"":1696,""y2"":710},{""x1"":433,""y1"":1162,""x2"":501,""y2"":1274}]",[],"[{""x1"":1944,""y1"":450,""x2"":2526,""y2"":900},{""x1"":1311,""y1"":304,""x2"":1696,""y2"":691},{""x1"":2634,""y1"":196,""x2"":3012,""y2"":703}]"
day4/members/klaus/18_0284.webp,[],[],[],"[{""x1"":2670,""y1"":1381,""x2"":3306,""y2"":1995}]","[{""x1"":2670,""y1"":1381,""x2"":3306,""y2"":1995}]"
day4/members/klaus/18_0722.webp,"[{""x1"":2409,""y1"":870,""x2"":2913,""y2"":1258},{""x1"":1627,""y1"":261,""x2"":2200,""y2"":699}]","[{""x1"":2409,""y1"":870,""x2"":2913,""y2"":1258}]","[{""x1"":2420,""y1"":873,""x2"":2908,""y2"":1245},{""x1"":1632,""y1"":265,""x2"":2208,""y2"":700}]","[{""x1"":2413,""y1"":879,""x2"":2911,""y2"":1259}]","[{""x1"":2409,""y1"":870,""x2"":2913,""y2"":1258},{""x1"":1627,""y1"":261,""x2"":2200,""y2"":699}]"
day4/members/florian/18_0190.webp,[],[],[],[],[]
day4/members/klaus/08_0708.webp,"[{""x1"":2008,""y1"":1542,""x2"":2389,""y2"":2148}]","[{""x1"":2008,""y1"":1542,""x2"":2389,""y2"":2148}]",[],[],"[{""x1"":2008,""y1"":1542,""x2"":2389,""y2"":2148}]"
day4/members/allie/08_0148.webp,[],[],[],[],[]
day4/members/bao/08_0661.webp,[],[],[],[],[]
day4/members/allie/08_0440.webp,"[{""x1"":290,""y1"":762,""x2"":1071,""y2"":1584},{""x1"":291,""y1"":754,""x2"":1071,""y2"":2100}]",[],[],[],"[{""x1"":290,""y1"":762,""x2"":1071,""y2"":1584},{""x1"":291,""y1"":754,""x2"":1071,""y2"":2100}]"
day4/members/klaus/09_0177.webp,"[{""x1"":165,""y1"":662,""x2"":648,""y2"":1157}]","[{""x1"":165,""y1"":662,""x2"":648,""y2"":1157}]","[{""x1"":3,""y1"":1834,""x2"":396,""y2"":2158}]",[],"[{""x1"":165,""y1"":662,""x2"":648,""y2"":1157}]"
day4/members/werner/09_0063.webp,[],[],[],[],[]
day4/members/bao/09_0706.webp,"[{""x1"":984,""y1"":658,""x2"":1335,""y2"":877},{""x1"":3225,""y1"":1725,""x2"":3351,""y2"":1821}]","[{""x1"":984,""y1"":658,""x2"":1335,""y2"":877},{""x1"":3225,""y1"":1725,""x2"":3351,""y2"":1821}]","[{""x1"":981,""y1"":657,""x2"":1338,""y2"":879},{""x1"":3230,""y1"":1722,""x2"":3346,""y2"":1818}]","[{""x1"":3225,""y1"":1723,""x2"":3351,""y2"":1822}]","[{""x1"":984,""y1"":658,""x2"":1335,""y2"":877},{""x1"":3225,""y1"":1725,""x2"":3351,""y2"":1821}]"
day4/members/bjorn/09_0278.webp,"[{""x1"":1992,""y1"":847,""x2"":2286,""y2"":1144}]",[],"[{""x1"":916,""y1"":1259,""x2"":1062,""y2"":1397}]",[],"[{""x1"":1992,""y1"":847,""x2"":2286,""y2"":1144}]"
day2/members/werner/13_0638.webp,"[{""x1"":1290,""y1"":939,""x2"":3132,""y2"":2010},{""x1"":1290,""y1"":939,""x2"":3129,""y2"":2053}]","[{""x1"":1290,""y1"":939,""x2"":3132,""y2"":2010},{""x1"":1290,""y1"":939,""x2"":3129,""y2"":2053}]","[{""x1"":1288,""y1"":932,""x2"":3300,""y2"":2012},{""x1"":1284,""y1"":938,""x2"":3300,""y2"":2004}]","[{""x1"":1289,""y1"":942,""x2"":3060,""y2"":2010}]","[{""x1"":1290,""y1"":939,""x2"":3132,""y2"":2010},{""x1"":1290,""y1"":939,""x2"":3129,""y2"":2053}]"
day2/members/allie/16_0630.webp,"[{""x1"":1054,""y1"":597,""x2"":2704,""y2"":1650},{""x1"":3444,""y1"":1015,""x2"":3840,""y2"":1866}]","[{""x1"":1054,""y1"":597,""x2"":2704,""y2"":1650},{""x1"":3444,""y1"":1015,""x2"":3840,""y2"":1866}]","[{""x1"":1024,""y1"":593,""x2"":2688,""y2"":1646},{""x1"":3440,""y1"":1014,""x2"":3840,""y2"":1870}]","[{""x1"":1050,""y1"":866,""x2"":2700,""y2"":1641},{""x1"":3444,""y1"":1014,""x2"":3840,""y2"":1865}]","[{""x1"":1054,""y1"":597,""x2"":2704,""y2"":1650},{""x1"":3444,""y1"":1015,""x2"":3840,""y2"":1866}]"
day2/members/bjorn/15_0164.webp,"[{""x1"":1362,""y1"":1110,""x2"":3084,""y2"":2139},{""x1"":1380,""y1"":1122,""x2"":3102,""y2"":2145}]","[{""x1"":1362,""y1"":1110,""x2"":3084,""y2"":2139},{""x1"":1380,""y1"":1122,""x2"":3102,""y2"":2145}]","[{""x1"":1365,""y1"":1124,""x2"":3100,""y2"":2156},{""x1"":1365,""y1"":1122,""x2"":3084,""y2"":2156}]","[{""x1"":1365,""y1"":1110,""x2"":3081,""y2"":2138},{""x1"":1308,""y1"":1111,""x2"":3084,""y2"":2140}]","[{""x1"":1362,""y1"":1110,""x2"":3084,""y2"":2139},{""x1"":1380,""y1"":1122,""x2"":3102,""y2"":2145}]"
day2/members/bjorn/15_0006.webp,"[{""x1"":1332,""y1"":1188,""x2"":3081,""y2"":2145},{""x1"":1351,""y1"":1194,""x2"":3070,""y2"":2151}]","[{""x1"":1332,""y1"":1188,""x2"":3081,""y2"":2145},{""x1"":1351,""y1"":1194,""x2"":3070,""y2"":2151}]","[{""x1"":1336,""y1"":1196,""x2"":3096,""y2"":2156}]","[{""x1"":1365,""y1"":1192,""x2"":3078,""y2"":2145}]","[{""x1"":1332,""y1"":1188,""x2"":3081,""y2"":2145},{""x1"":1351,""y1"":1194,""x2"":3070,""y2"":2151}]"
day2/members/florian/15_0574.webp,"[{""x1"":1073,""y1"":351,""x2"":2886,""y2"":1332}]","[{""x1"":1073,""y1"":351,""x2"":2886,""y2"":1332}]","[{""x1"":1052,""y1"":363,""x2"":2994,""y2"":1344}]","[{""x1"":1131,""y1"":865,""x2"":2850,""y2"":1339},{""x1"":1105,""y1"":864,""x2"":2863,""y2"":1339},{""x1"":2746,""y1"":866,""x2"":3816,""y2"":1356}]","[{""x1"":1073,""y1"":351,""x2"":2886,""y2"":1332},{""x1"":1131,""y1"":865,""x2"":2850,""y2"":1339},{""x1"":2746,""y1"":866,""x2"":3816,""y2"":1356}]"
day2/members/werner/13_0585.webp,"[{""x1"":1311,""y1"":1025,""x2"":3153,""y2"":2088}]","[{""x1"":1311,""y1"":1025,""x2"":3153,""y2"":2088}]","[{""x1"":1313,""y1"":1014,""x2"":3272,""y2"":2062},{""x1"":1316,""y1"":1020,""x2"":3280,""y2"":2068}]","[{""x1"":1314,""y1"":1024,""x2"":3174,""y2"":2073},{""x1"":1388,""y1"":1018,""x2"":3291,""y2"":2073}]","[{""x1"":1311,""y1"":1025,""x2"":3153,""y2"":2088}]"
day2/members/onanong/16_0261.webp,"[{""x1"":2616,""y1"":1764,""x2"":2934,""y2"":2154}]","[{""x1"":2616,""y1"":1764,""x2"":2934,""y2"":2154}]","[{""x1"":2616,""y1"":1768,""x2"":2928,""y2"":2160},{""x1"":1000,""y1"":814,""x2"":2068,""y2"":1580}]","[{""x1"":2616,""y1"":1764,""x2"":2934,""y2"":2152}]","[{""x1"":2616,""y1"":1764,""x2"":2934,""y2"":2154}]"
day1/members/klaus/10_0156.webp,"[{""x1"":1332,""y1"":1173,""x2"":2628,""y2"":2154},{""x1"":1459,""y1"":2,""x2"":1783,""y2"":162},{""x1"":1083,""y1"":769,""x2"":2601,""y2"":2145}]","[{""x1"":1332,""y1"":1173,""x2"":2628,""y2"":2154},{""x1"":1459,""y1"":2,""x2"":1783,""y2"":162},{""x1"":1083,""y1"":769,""x2"":2601,""y2"":2145}]","[{""x1"":1334,""y1"":1178,""x2"":2608,""y2"":2160},{""x1"":1466,""y1"":0,""x2"":1786,""y2"":156}]","[{""x1"":1308,""y1"":1179,""x2"":2628,""y2"":2155},{""x1"":1081,""y1"":873,""x2"":2620,""y2"":2146}]","[{""x1"":1332,""y1"":1173,""x2"":2628,""y2"":2154},{""x1"":1459,""y1"":2,""x2"":1783,""y2"":162},{""x1"":1083,""y1"":769,""x2"":2601,""y2"":2145}]"
day1/members/allie/11_0283.webp,[],[],[],"[{""x1"":2580,""y1"":1227,""x2"":3012,""y2"":1757}]","[{""x1"":2580,""y1"":1227,""x2"":3012,""y2"":1757}]"
day1/members/tien/12_0054.webp,[],[],[],[],[]
day1/members/onanong/13_0368.webp,"[{""x1"":2001,""y1"":1800,""x2"":2643,""y2"":2154}]","[{""x1"":2001,""y1"":1800,""x2"":2643,""y2"":2154}]","[{""x1"":2010,""y1"":1798,""x2"":2642,""y2"":2160},{""x1"":2012,""y1"":1796,""x2"":2644,""y2"":2160}]","[{""x1"":2001,""y1"":1800,""x2"":2643,""y2"":2154}]","[{""x1"":2001,""y1"":1800,""x2"":2643,""y2"":2154}]"
day1/members/bjorn/14_0517.webp,[],[],[],[],[]
day1/members/klaus/15_0702.webp,"[{""x1"":3678,""y1"":753,""x2"":3840,""y2"":1107},{""x1"":3474,""y1"":1356,""x2"":3774,""y2"":1653},{""x1"":3468,""y1"":1356,""x2"":3786,""y2"":1650}]","[{""x1"":3678,""y1"":753,""x2"":3840,""y2"":1107},{""x1"":3474,""y1"":1356,""x2"":3774,""y2"":1653}]","[{""x1"":3676,""y1"":751,""x2"":3840,""y2"":1115},{""x1"":3464,""y1"":1354,""x2"":3784,""y2"":1650},{""x1"":3400,""y1"":1354,""x2"":3784,""y2"":1756},{""x1"":3464,""y1"":1355,""x2"":3784,""y2"":1653}]","[{""x1"":3678,""y1"":868,""x2"":3840,""y2"":1098},{""x1"":3468,""y1"":1355,""x2"":3780,""y2"":1650}]","[{""x1"":3678,""y1"":753,""x2"":3840,""y2"":1107},{""x1"":3474,""y1"":1356,""x2"":3774,""y2"":1653},{""x1"":3468,""y1"":1356,""x2"":3786,""y2"":1650}]"
day1/members/klaus/16_0701.webp,[],[],[],[],[]
day1/members/cathal/17_0621.webp,[],[],"[{""x1"":3248,""y1"":1160,""x2"":3616,""y2"":1644},{""x1"":3636,""y1"":1340,""x2"":3840,""y2"":1828}]","[{""x1"":3624,""y1"":1343,""x2"":3840,""y2"":1843}]","[{""x1"":3624,""y1"":1343,""x2"":3840,""y2"":1843}]"
day1/members/cathal/18_0367.webp,[],[],"[{""x1"":1364,""y1"":1084,""x2"":1968,""y2"":1538},{""x1"":2690,""y1"":2010,""x2"":2922,""y2"":2160},{""x1"":1807,""y1"":1676,""x2"":2043,""y2"":1798}]","[{""x1"":1365,""y1"":1081,""x2"":1968,""y2"":1546}]","[{""x1"":1365,""y1"":1081,""x2"":1968,""y2"":1546}]"
day1/members/werner/19_0162.webp,[],[],[],[],[]
day1/members/bjorn/20_0408.webp,"[{""x1"":792,""y1"":806,""x2"":1408,""y2"":1263},{""x1"":855,""y1"":1150,""x2"":1512,""y2"":1636},{""x1"":826,""y1"":310,""x2"":1294,""y2"":873}]","[{""x1"":792,""y1"":806,""x2"":1408,""y2"":1263},{""x1"":855,""y1"":1150,""x2"":1512,""y2"":1636},{""x1"":826,""y1"":310,""x2"":1294,""y2"":873}]","[{""x1"":788,""y1"":801,""x2"":1410,""y2"":1262},{""x1"":860,""y1"":1138,""x2"":1508,""y2"":1638},{""x1"":859,""y1"":522,""x2"":1293,""y2"":861}]","[{""x1"":795,""y1"":868,""x2"":1410,""y2"":1266},{""x1"":856,""y1"":1145,""x2"":1512,""y2"":1632}]","[{""x1"":792,""y1"":806,""x2"":1408,""y2"":1263},{""x1"":855,""y1"":1150,""x2"":1512,""y2"":1636},{""x1"":826,""y1"":310,""x2"":1294,""y2"":873}]"
day1/members/werner/08_0091.webp,[],[],[],[],[]
day1/members/cathal/09_0716.webp,"[{""x1"":1939,""y1"":1050,""x2"":2398,""y2"":1413},{""x1"":1466,""y1"":1777,""x2"":2037,""y2"":2029},{""x1"":2175,""y1"":1487,""x2"":2775,""y2"":1902},{""x1"":1342,""y1"":1025,""x2"":1456,""y2"":1154}]","[{""x1"":1939,""y1"":1050,""x2"":2398,""y2"":1413},{""x1"":1466,""y1"":1777,""x2"":2037,""y2"":2029},{""x1"":2175,""y1"":1487,""x2"":2775,""y2"":1902}]","[{""x1"":1942,""y1"":1056,""x2"":2394,""y2"":1412},{""x1"":1200,""y1"":675,""x2"":1634,""y2"":1057},{""x1"":1463,""y1"":1776,""x2"":2041,""y2"":2028},{""x1"":2172,""y1"":1496,""x2"":2724,""y2"":1900}]","[{""x1"":1938,""y1"":1052,""x2"":2400,""y2"":1413},{""x1"":1465,""y1"":1777,""x2"":2038,""y2"":2029},{""x1"":2173,""y1"":1494,""x2"":2773,""y2"":1898}]","[{""x1"":1939,""y1"":1050,""x2"":2398,""y2"":1413},{""x1"":1466,""y1"":1777,""x2"":2037,""y2"":2029},{""x1"":2175,""y1"":1487,""x2"":2775,""y2"":1902},{""x1"":1342,""y1"":1025,""x2"":1456,""y2"":1154}]"
day2/members/tien/10_0260.webp,"[{""x1"":1635,""y1"":1420,""x2"":2715,""y2"":2119}]","[{""x1"":1635,""y1"":1420,""x2"":2715,""y2"":2119}]","[{""x1"":1639,""y1"":1422,""x2"":2712,""y2"":2112}]","[{""x1"":1627,""y1"":1420,""x2"":2722,""y2"":2127}]","[{""x1"":1635,""y1"":1420,""x2"":2715,""y2"":2119}]"
day2/members/klaus/11_0708.webp,[],[],[],[],[]
day2/members/luca/12_0426.webp,"[{""x1"":1132,""y1"":1136,""x2"":2542,""y2"":2151}]","[{""x1"":1132,""y1"":1136,""x2"":2542,""y2"":2151}]","[{""x1"":1222,""y1"":1144,""x2"":2520,""y2"":2160}]","[{""x1"":1128,""y1"":1137,""x2"":2541,""y2"":2152}]","[{""x1"":1132,""y1"":1136,""x2"":2542,""y2"":2151}]"
day2/members/tien/13_0711.webp,[],[],[],"[{""x1"":764,""y1"":1517,""x2"":921,""y2"":1613}]","[{""x1"":764,""y1"":1517,""x2"":921,""y2"":1613}]"
day2/members/onanong/14_0700.webp,"[{""x1"":1581,""y1"":122,""x2"":1845,""y2"":352},{""x1"":2353,""y1"":201,""x2"":2512,""y2"":322}]","[{""x1"":1581,""y1"":122,""x2"":1845,""y2"":352},{""x1"":2353,""y1"":201,""x2"":2512,""y2"":322}]","[{""x1"":1588,""y1"":119,""x2"":1844,""y2"":343},{""x1"":2352,""y1"":200,""x2"":2512,""y2"":321}]",[],"[{""x1"":1581,""y1"":122,""x2"":1845,""y2"":352},{""x1"":2353,""y1"":201,""x2"":2512,""y2"":322}]"
day2/members/allie/15_0719.webp,[],[],[],[],[]
day2/members/cathal/16_0705.webp,"[{""x1"":2838,""y1"":703,""x2"":3093,""y2"":1003},{""x1"":2580,""y1"":502,""x2"":2814,""y2"":880}]","[{""x1"":2838,""y1"":703,""x2"":3093,""y2"":1003}]","[{""x1"":2584,""y1"":500,""x2"":2824,""y2"":878}]",[],"[{""x1"":2838,""y1"":703,""x2"":3093,""y2"":1003},{""x1"":2580,""y1"":502,""x2"":2814,""y2"":880}]"
day2/members/onanong/17_0653.webp,[],[],[],"[{""x1"":955,""y1"":1730,""x2"":1063,""y2"":1871},{""x1"":185,""y1"":2050,""x2"":382,""y2"":2160}]","[{""x1"":955,""y1"":1730,""x2"":1063,""y2"":1871},{""x1"":185,""y1"":2050,""x2"":382,""y2"":2160}]"
day2/members/cathal/18_0581.webp,"[{""x1"":1986,""y1"":381,""x2"":2382,""y2"":690}]",[],[],[],"[{""x1"":1986,""y1"":381,""x2"":2382,""y2"":690}]"
day2/members/tien/19_0715.webp,"[{""x1"":2712,""y1"":1683,""x2"":2928,""y2"":1941}]","[{""x1"":2712,""y1"":1683,""x2"":2928,""y2"":1941}]","[{""x1"":2712,""y1"":1680,""x2"":2932,""y2"":1968}]","[{""x1"":2712,""y1"":1683,""x2"":2931,""y2"":1944}]","[{""x1"":2712,""y1"":1683,""x2"":2928,""y2"":1941}]"
day2/members/florian/20_0202.webp,[],[],[],[],[]
day2/members/werner/08_0334.webp,[],[],[],[],[]
day2/members/luca/09_0121.webp,[],[],[],[],[]
day3/members/cathal/10_0712.webp,[],[],[],[],[]
day3/members/cathal/11_0455.webp,"[{""x1"":1836,""y1"":813,""x2"":2652,""y2"":1726},{""x1"":450,""y1"":1464,""x2"":591,""y2"":1656}]","[{""x1"":1836,""y1"":813,""x2"":2652,""y2"":1726}]","[{""x1"":1834,""y1"":780,""x2"":2650,""y2"":1720},{""x1"":3630,""y1"":4,""x2"":3838,""y2"":257},{""x1"":3632,""y1"":14,""x2"":3840,""y2"":224}]","[{""x1"":1833,""y1"":868,""x2"":2655,""y2"":1722},{""x1"":450,""y1"":1463,""x2"":591,""y2"":1653}]","[{""x1"":1836,""y1"":813,""x2"":2652,""y2"":1726},{""x1"":450,""y1"":1464,""x2"":591,""y2"":1656}]"
day3/members/allie/12_0708.webp,"[{""x1"":1224,""y1"":663,""x2"":1659,""y2"":795}]",[],[],[],"[{""x1"":1224,""y1"":663,""x2"":1659,""y2"":795}]"
day3/members/cathal/13_0330.webp,[],[],[],[],[]
day3/members/florian/14_0653.webp,[],[],[],[],[]
day3/members/allie/15_0345.webp,[],[],[],[],[]
day3/members/florian/16_0712.webp,[],[],[],[],[]
day3/members/onanong/17_0712.webp,"[{""x1"":2742,""y1"":1300,""x2"":2868,""y2"":1420},{""x1"":1986,""y1"":1758,""x2"":2154,""y2"":1926},{""x1"":3099,""y1"":1036,""x2"":3243,""y2"":1159}]","[{""x1"":2742,""y1"":1300,""x2"":2868,""y2"":1420},{""x1"":1986,""y1"":1758,""x2"":2154,""y2"":1926}]","[{""x1"":1982,""y1"":1761,""x2"":2158,""y2"":1935}]","[{""x1"":1978,""y1"":1758,""x2"":2158,""y2"":1935},{""x1"":2742,""y1"":1300,""x2"":2868,""y2"":1420}]","[{""x1"":2742,""y1"":1300,""x2"":2868,""y2"":1420},{""x1"":1986,""y1"":1758,""x2"":2154,""y2"":1926},{""x1"":3099,""y1"":1036,""x2"":3243,""y2"":1159}]"
day3/members/cathal/18_0174.webp,"[{""x1"":1324,""y1"":1155,""x2"":2770,""y2"":2157}]","[{""x1"":1324,""y1"":1155,""x2"":2770,""y2"":2157}]","[{""x1"":1340,""y1"":1162,""x2"":2780,""y2"":2160}]","[{""x1"":1320,""y1"":1157,""x2"":2772,""y2"":2159}]","[{""x1"":1324,""y1"":1155,""x2"":2770,""y2"":2157}]"
day3/members/florian/19_0720.webp,[],[],[],[],[]
day3/members/stevan/20_0722.webp,[],[],[],"[{""x1"":1878,""y1"":1884,""x2"":2520,""y2"":2154}]","[{""x1"":1878,""y1"":1884,""x2"":2520,""y2"":2154}]"
day3/members/luca/08_0205.webp,"[{""x1"":1629,""y1"":1407,""x2"":2691,""y2"":2133},{""x1"":1623,""y1"":1405,""x2"":2679,""y2"":2122}]","[{""x1"":1629,""y1"":1407,""x2"":2691,""y2"":2133},{""x1"":1623,""y1"":1405,""x2"":2679,""y2"":2122}]","[{""x1"":1619,""y1"":1412,""x2"":2692,""y2"":2146},{""x1"":2352,""y1"":933,""x2"":2936,""y2"":1431},{""x1"":1619,""y1"":1412,""x2"":2668,""y2"":2132}]","[{""x1"":1626,""y1"":1407,""x2"":2709,""y2"":2141}]","[{""x1"":1629,""y1"":1407,""x2"":2691,""y2"":2133},{""x1"":1623,""y1"":1405,""x2"":2679,""y2"":2122}]"
day3/members/klaus/09_0370.webp,[],[],[],[],[]
day4/members/florian/10_0495.webp,[],[],[],[],[]
day4/members/cathal/11_0445.webp,"[{""x1"":808,""y1"":1603,""x2"":2533,""y2"":2140}]","[{""x1"":808,""y1"":1603,""x2"":2533,""y2"":2140}]","[{""x1"":762,""y1"":1610,""x2"":2540,""y2"":2138}]","[{""x1"":786,""y1"":1605,""x2"":2532,""y2"":2144}]","[{""x1"":808,""y1"":1603,""x2"":2533,""y2"":2140}]"
day4/members/florian/12_0627.webp,"[{""x1"":649,""y1"":1138,""x2"":1897,""y2"":2149}]","[{""x1"":649,""y1"":1138,""x2"":1897,""y2"":2149}]","[{""x1"":630,""y1"":1156,""x2"":1894,""y2"":2152}]","[{""x1"":650,""y1"":1138,""x2"":1899,""y2"":2149}]","[{""x1"":649,""y1"":1138,""x2"":1897,""y2"":2149}]"
day4/members/florian/13_0284.webp,"[{""x1"":1293,""y1"":888,""x2"":2466,""y2"":2142}]","[{""x1"":1293,""y1"":888,""x2"":2466,""y2"":2142}]","[{""x1"":1290,""y1"":903,""x2"":2466,""y2"":2152},{""x1"":2698,""y1"":1152,""x2"":3010,""y2"":1344}]","[{""x1"":1299,""y1"":900,""x2"":2478,""y2"":2143}]","[{""x1"":1293,""y1"":888,""x2"":2466,""y2"":2142}]"
day4/members/florian/14_0024.webp,"[{""x1"":1200,""y1"":945,""x2"":2523,""y2"":2148},{""x1"":1326,""y1"":939,""x2"":2511,""y2"":1764}]","[{""x1"":1200,""y1"":945,""x2"":2523,""y2"":2148}]","[{""x1"":1210,""y1"":933,""x2"":2524,""y2"":2134}]","[{""x1"":1200,""y1"":952,""x2"":2511,""y2"":2152}]","[{""x1"":1200,""y1"":945,""x2"":2523,""y2"":2148},{""x1"":1326,""y1"":939,""x2"":2511,""y2"":1764}]"
day4/members/stevan/15_0504.webp,[],[],"[{""x1"":2508,""y1"":589,""x2"":2668,""y2"":735}]",[],[]
day4/members/cathal/17_0557.webp,"[{""x1"":573,""y1"":1962,""x2"":1560,""y2"":2148},{""x1"":3444,""y1"":5,""x2"":3840,""y2"":672}]","[{""x1"":573,""y1"":1962,""x2"":1560,""y2"":2148}]","[{""x1"":574,""y1"":1954,""x2"":1558,""y2"":2150}]","[{""x1"":576,""y1"":1960,""x2"":1563,""y2"":2146}]","[{""x1"":573,""y1"":1962,""x2"":1560,""y2"":2148},{""x1"":3444,""y1"":5,""x2"":3840,""y2"":672}]"
day4/members/klaus/18_0374.webp,"[{""x1"":1573,""y1"":1591,""x2"":2221,""y2"":2143},{""x1"":1821,""y1"":695,""x2"":1854,""y2"":774},{""x1"":1581,""y1"":1591,""x2"":2175,""y2"":1975}]","[{""x1"":1573,""y1"":1591,""x2"":2221,""y2"":2143},{""x1"":1821,""y1"":695,""x2"":1854,""y2"":774}]","[{""x1"":1566,""y1"":1590,""x2"":2236,""y2"":2152}]","[{""x1"":1572,""y1"":1589,""x2"":2226,""y2"":2145}]","[{""x1"":1573,""y1"":1591,""x2"":2221,""y2"":2143},{""x1"":1821,""y1"":695,""x2"":1854,""y2"":774},{""x1"":1581,""y1"":1591,""x2"":2175,""y2"":1975}]"
day4/members/klaus/08_0259.webp,"[{""x1"":1659,""y1"":1464,""x2"":2688,""y2"":2112}]","[{""x1"":1659,""y1"":1464,""x2"":2688,""y2"":2112}]","[{""x1"":1673,""y1"":1472,""x2"":2688,""y2"":2100}]","[{""x1"":1659,""y1"":1461,""x2"":2685,""y2"":2118}]","[{""x1"":1659,""y1"":1464,""x2"":2688,""y2"":2112}]"
day4/members/bao/09_0349.webp,"[{""x1"":775,""y1"":1405,""x2"":1045,""y2"":1690},{""x1"":1235,""y1"":1428,""x2"":1434,""y2"":1635}]","[{""x1"":775,""y1"":1405,""x2"":1045,""y2"":1690}]","[{""x1"":778,""y1"":1406,""x2"":1041,""y2"":1690},{""x1"":1234,""y1"":1428,""x2"":1434,""y2"":1628}]","[{""x1"":777,""y1"":1405,""x2"":1047,""y2"":1693},{""x1"":1235,""y1"":1427,""x2"":1434,""y2"":1634}]","[{""x1"":775,""y1"":1405,""x2"":1045,""y2"":1690},{""x1"":1235,""y1"":1428,""x2"":1434,""y2"":1635}]"
